粤B0H4K5,300.0,10.0,2016-11-01 00:00:01,1699593,0,0,1,,,0,黄色,
粤B9B09X,113.878494,22.592752,2016-10-31 23:59:59,1687277,0,130,0,,,1,蓝色,
粤BW1P51,113.90303,22.557966,2016-11-01 00:00:00,1319229,42,135,0,,,1,蓝色,
粤B1U2G3,114.076187,22.549368,2016-11-01 00:00:01,1644511,0,350,0,,,1,蓝色,
粤B4L4K8黄,11.40998,2.26071,2016-10-31 23:58:48,1646137,0,0,0,,,0,黄色,
粤B5A8A9,114.126137,22.548018,2016-10-31 23:59:59,1529684,0,225,0,,,1,蓝色,
粤SV114R,113.704353,23.013716,2016-11-01 00:00:01,1539088,0,0,0,,,0,,
粤B0VW30,113.91938,22.561571,2016-11-01 00:00:00,1644576,22,130,0,,,0,蓝色,
粤B245ZE,114.013603,22.6642,2016-10-31 23:59:50,1456689,5,0,0,,,0,蓝色,
粤B7CP06,114.089516,22.564449,2016-11-01 00:00:00,1346767,0,0,0,,,0,蓝色,
粤B4U0Y3,114.005508,22.68697,2016-11-01 00:00:00,1652284,94,100,0,,,1,黄色,
粤SL601H,113.987198,22.97995,2016-11-01 00:00:01,1489964,24,256,0,,,0,,
粤B1DS82,114.051636,22.528267,2016-11-01 00:00:00,1349941,0,135,0,,,0,蓝色,
粤B7V4K0,113.8685,22.5697,2016-10-31 23:58:47,1569088,0,0,0,,,0,蓝色,
粤B98199,114.067795,22.686413,2016-10-31 23:59:57,1551995,0,0,0,,,0,黄色,
粤SX384P,114.141029,22.783632,2016-11-01 00:00:01,1548349,58,188,0,,,0,,
粤BV7479,114.296951,22.733032,2016-11-01 00:00:00,1453080,0,0,0,,,0,黄色,
粤B462ZB,114.087601,22.5375,2016-10-31 23:59:55,1455707,61,0,0,,,0,蓝色,
粤BM6681,108.771385,24.474234,2016-10-31 23:59:59,1182313,80,45,0,,,0,黄色,
粤SH504P,113.667351,23.095615,2016-11-01 00:00:01,1450487,0,0,0,,,0,,
粤BX9R55,114.220596,22.555599,2016-10-31 23:59:58,1354269,0,0,0,,,0,蓝色,
粤BM6681,108.771385,24.474234,2016-10-31 23:59:59,1182313,80,45,0,,,0,黄色,
粤SL523C,113.877602,23.091066,2016-11-01 00:00:01,1464697,41,182,0,,,0,,
粤B0WQ11,114.060181,22.523899,2016-11-01 00:00:00,1432074,34,135,0,,,1,蓝色,
粤BC0672,113.896637,22.564392,2016-10-31 23:59:57,1549876,0,282,0,,,0,黄色,
粤SY169Z,113.769798,22.771784,2016-11-01 00:00:01,1554653,41,272,0,,,0,,
粤B2CP39,114.040833,22.530268,2016-11-01 00:00:00,1346772,0,135,0,,,0,蓝色,
粤SYN447,113.770599,23.066317,2016-11-01 00:00:00,1294238,0,0,0,,,0,,
粤B2G6V1,114.04673,22.601784,2016-10-31 23:59:59,1539902,0,94,0,,,0,黄色,
粤SYL319,113.792603,23.03265,2016-10-31 23:59:34,1298135,0,0,0,,,1,,
粤B3K8P1,114.0261,22.672667,2016-11-01 00:00:00,1589365,0,0,0,,,0,蓝色,
粤B6SU57,113.881554,22.579918,2016-11-01 00:00:00,1410709,8,45,0,,,0,蓝色,
粤B4B1C5,114.012848,22.637182,2016-10-31 23:59:58,1531339,31,314,0,,,1,黄色,
粤B2NK48,113.810898,22.6278,2016-10-31 23:59:29,1395274,0,0,0,,,0,蓝色,
粤BT0945,115.40345,24.955784,2016-11-01 00:00:00,1731029,0,1,0,,,0,黄色,
粤B0V1P6,114.043465,22.601217,2016-10-31 23:59:58,1568628,36,135,0,,,1,蓝色,
粤B2H8T6,114.160271,22.717117,2016-11-01 00:00:00,1575044,0,0,0,,,1,蓝色,
粤B4Q3C8,114.063797,22.5455,2016-11-01 00:00:00,1554640,0,256,0,,,0,蓝色,
粤B143YZ,114.142197,22.7269,2016-10-31 23:59:58,1455672,38,256,0,,,0,蓝色,
粤B3K8P2,114.001701,22.679016,2016-11-01 00:00:00,1599284,20,45,0,,,0,蓝色,
粤SYH437,113.795799,23.0515,2016-10-31 23:59:59,1294249,0,10,0,,,0,,
粤BH8H74,114.145103,22.6099,2016-10-31 23:58:48,1387875,0,256,0,,,0,蓝色,
粤B5A5A1,114.121231,22.543333,2016-10-31 23:59:59,1529687,0,0,0,,,0,蓝色,
粤SYL643,113.799812,22.816799,2016-11-01 00:00:00,1293625,0,0,0,,,0,,
粤BN6472,112.774467,23.102682,2016-11-01 00:00:00,1304070,85,45,0,,,0,黄色,
粤BW0106,113.316399,23.156567,2016-11-01 00:00:00,1452033,0,317,0,,,0,黄色,
粤SW587A,113.765465,23.033867,2016-11-01 00:00:01,1539292,0,0,0,,,0,,
粤B1V9N3,114.264366,22.714701,2016-10-31 23:59:59,1571918,65,172,0,,,1,蓝色,
粤B0WR58,114.126053,22.544733,2016-10-31 23:59:59,1432885,41,315,0,,,1,蓝色,
粤SG471H,113.7323,23.0299,2016-11-01 00:00:01,1429398,43,358,0,,,1,,
粤BDJ599,113.929871,22.544167,2016-10-31 23:59:59,1489129,0,81,0,,,0,蓝色,
粤B0ND96,114.036186,22.522717,2016-11-01 00:00:00,1432084,11,225,0,,,1,蓝色,
粤SN643L,113.75602,23.048866,2016-11-01 00:00:01,1495258,0,0,0,,,1,,
粤B2BS42,114.122681,22.55195,2016-11-01 00:00:00,1340160,4,225,0,,,0,蓝色,
粤SW224U,113.703018,23.061417,2016-11-01 00:00:01,1543706,49,294,0,,,0,,
粤BAS159,114.131104,22.608101,2016-10-31 23:59:52,1555747,0,270,0,,,0,黄色,
粤BV3959,114.026901,22.62047,2016-10-31 23:59:57,1545837,0,9,0,,,0,黄色,
粤SV258E,113.780602,22.800116,2016-11-01 00:00:01,1532839,22,260,0,,,0,,
粤B1BU47,114.065399,22.630117,2016-11-01 00:00:00,1347854,4,45,0,,,1,蓝色,
粤SU115V,113.800201,22.931967,2016-11-01 00:00:01,1530855,0,0,1,,,0,,
粤BS5531,113.912422,22.578089,2016-11-01 00:00:00,1550070,0,0,1,,,0,黄色,
粤B35604,113.894218,22.565132,2016-11-01 00:00:00,1462260,0,135,0,,,0,蓝色,
粤SU547W,113.72242,22.979666,2016-11-01 00:00:01,1531968,93,222,0,,,0,,
粤B33874,114.043701,22.567551,2016-11-01 00:00:01,1462248,17,90,0,,,1,蓝色,
粤SJ490M,113.685898,22.972866,2016-11-01 00:00:01,1450117,0,0,0,,,0,,
粤B2A2S7,113.978699,22.561899,2016-10-31 23:58:46,1656790,27,0,0,,,0,蓝色,
粤B8WN20,113.997818,22.529467,2016-11-01 00:00:00,1430999,81,225,0,,,1,蓝色,
粤B4HL18,114.022499,22.6199,2016-10-31 23:59:59,1370187,0,0,0,,,0,蓝色,
粤BG4218,114.109421,22.541767,2016-10-31 23:59:26,1494435,0,0,1,,,1,蓝色,
粤B4A6S3,114.025597,22.6301,2016-10-31 23:58:46,1656795,22,0,0,,,0,蓝色,
粤B1Q4D0,113.940353,22.553749,2016-10-31 23:59:59,1554763,0,180,0,,,0,蓝色,
粤BP5161,113.851929,22.783764,2016-10-31 23:59:58,1546076,0,345,0,,,0,黄色,
粤B33551,114.102165,22.543983,2016-10-31 23:59:27,1460332,0,0,1,,,0,蓝色,
粤B33551,114.09993,22.5436,2016-10-31 23:59:55,1460332,8,225,0,,,0,蓝色,
粤BL0F25,113.872665,22.591034,2016-10-31 23:59:59,1230900,0,140,0,,,0,蓝色,
粤B4V1P2,113.834503,22.619101,2016-10-31 23:58:48,1569791,0,0,0,,,0,蓝色,
粤B33551,114.09993,22.5436,2016-11-01 00:00:00,1460332,0,225,0,,,0,蓝色,
粤BH6851,114.041283,22.644827,2016-10-31 23:59:58,1553590,0,0,0,,,0,黄色,
粤B1V3V5,114.062531,22.5511,2016-10-31 23:59:59,1570602,0,352,0,,,1,蓝色,
粤B4WQ30,113.936432,22.495768,2016-11-01 00:00:00,1432030,32,315,0,,,0,蓝色,
粤B286VX,113.870201,22.6679,2016-10-31 23:59:45,1700275,4,256,0,,,0,蓝色,
粤BS74V3,113.915268,22.576017,2016-10-31 23:59:59,1524493,87,139,0,,,1,蓝色,
粤BJ70E7,114.137169,22.575666,2016-10-31 23:59:59,1498897,79,270,0,,,1,蓝色,
粤BR41Y7,114.062469,22.551067,2016-10-31 23:59:59,1522096,0,315,0,,,1,蓝色,
粤B5MV62,113.876366,22.590233,2016-11-01 00:00:00,1384715,0,0,0,,,0,蓝色,
粤B1ND40,113.909683,22.544216,2016-10-31 23:59:54,1432024,32,90,0,,,0,蓝色,
粤BP54A0,114.132416,22.57955,2016-10-31 23:59:58,1515865,0,100,0,,,1,蓝色,
粤B7VV65,113.974503,22.541067,2016-10-31 23:59:59,1422976,8,45,0,,,1,蓝色,
粤B841ZE,113.953079,22.554083,2016-11-01 00:00:00,1457162,39,90,0,,,1,蓝色,
粤BL4F16,114.041229,22.521017,2016-10-31 23:59:59,1230948,0,327,0,,,0,蓝色,
粤B4V1P9,113.813103,22.6255,2016-10-31 23:58:48,1570178,0,256,0,,,0,蓝色,
粤B9SM33,114.067947,22.521183,2016-11-01 00:00:00,1407720,19,0,0,,,1,蓝色,
粤BF7496,113.837646,22.723444,2016-10-31 23:59:57,1553092,0,327,0,,,0,黄色,
粤BM07T2,114.10437,22.62215,2016-11-01 00:00:00,1511329,0,135,0,,,0,蓝色,
粤BH4Q89,114.175598,22.5623,2016-10-31 23:58:48,1387884,0,0,0,,,0,蓝色,
粤B2WW51,114.24778,22.73455,2016-10-31 23:59:59,1433660,0,53,0,,,0,蓝色,
粤B1E51Z,114.11203,22.548149,2016-11-01 00:00:00,1705970,0,180,0,,,0,蓝色,
粤B1A1R8,114.051697,22.6374,2016-10-31 23:59:59,1655004,0,0,0,,,0,蓝色,
粤BS49U7,114.05117,22.549833,2016-10-31 23:59:59,1524487,51,359,0,,,1,蓝色,
粤BJ74L6,114.021965,22.544783,2016-10-31 23:59:48,1511540,0,315,0,,,1,蓝色,
粤B4ND21,113.709801,22.825912,2016-11-01 00:00:00,1392287,69,290,0,,,0,蓝色,
粤B0WK17,113.9161,22.5313,2016-10-31 23:59:59,1427947,0,0,0,,,0,蓝色,
粤BM21T7,114.11853,22.54015,2016-11-01 00:00:00,1511500,0,45,0,,,1,蓝色,
粤BCJ768,114.059196,22.654034,2016-10-31 23:59:58,1489134,11,201,0,,,0,蓝色,
粤B2A8R1,114.111198,22.5965,2016-11-01 00:00:00,1654983,0,0,0,,,0,蓝色,
粤B8CP47,113.916382,22.53735,2016-11-01 00:00:00,1347837,0,180,0,,,0,蓝色,
粤SYL212,113.725952,23.010349,2016-10-31 23:59:59,1298279,0,0,0,,,0,,
粤B8BU35,114.047585,22.5424,2016-11-01 00:00:00,1342444,73,90,0,,,1,蓝色,
粤B4N514,114.099648,22.538918,2016-10-31 23:55:24,1482961,18,174,0,,,0,蓝色,
粤B2MQ41,113.813034,22.6234,2016-10-31 23:59:59,1384728,0,29,0,,,0,蓝色,
粤BP5331,113.938416,22.563808,2016-10-31 23:59:57,1551586,0,177,0,,,0,黄色,
粤BM34V1,113.887398,22.582199,2016-11-01 00:00:00,1511422,24,45,0,,,1,蓝色,
粤B6WK53,114.100601,22.614218,2016-10-31 23:59:59,1426830,0,111,0,,,0,蓝色,
粤B9BU87,114.125435,22.696568,2016-11-01 00:00:00,1342329,0,315,1,,,1,蓝色,
粤B1NS16,114.122765,22.577967,2016-10-31 23:59:59,1404198,42,173,0,,,0,蓝色,
粤B4FY72,114.047531,22.601084,2016-11-01 00:00:00,1374901,0,0,0,,,0,蓝色,
粤B2UE51,114.117302,22.580133,2016-11-01 00:00:00,1414989,0,45,0,,,1,蓝色,
粤B110ZD,114.102501,22.6208,2016-10-31 23:58:47,1461143,0,256,0,,,0,蓝色,
粤BU5041,114.084648,22.572132,2016-11-01 00:00:00,1407240,0,0,0,,,0,黄色,
粤BQ5C42,114.037148,22.633133,2016-10-31 23:59:43,1265687,49,99,0,,,0,蓝色,
粤B4CJ42,113.944901,22.541967,2016-11-01 00:00:00,1349935,38,135,0,,,1,蓝色,
粤BF6856,114.035217,22.610933,2016-11-01 00:00:00,1517058,0,0,0,,,1,黄色,
粤BL9148,114.076103,22.553917,2016-10-31 23:59:01,1687034,0,0,0,,,0,黄色,
粤BT47P3,113.930748,22.492001,2016-10-31 23:59:48,1520495,22,340,0,,,0,蓝色,
粤B1HY81,114.061813,22.570818,2016-10-31 23:59:59,1373964,0,90,1,,,0,蓝色,
粤BJ49E5,114.113747,22.533533,2016-11-01 00:00:01,1498920,0,315,0,,,0,蓝色,
粤B1X1U5,113.960503,22.5849,2016-11-01 00:00:00,1661994,5,0,0,,,0,蓝色,
粤BN7750,113.266632,23.162466,2016-11-01 00:00:00,1322604,0,0,0,,,0,黄色,
粤B6P5T5,113.839699,22.6026,2016-10-31 23:59:59,1645587,0,0,0,,,0,蓝色,
粤B1BR47,114.112686,22.5854,2016-10-31 23:59:39,1341339,52,315,0,,,1,蓝色,
粤BX5V61,114.06823,22.5219,2016-10-31 23:59:59,1324770,14,16,0,,,1,蓝色,
粤SW935R,113.760864,23.004084,2016-11-01 00:00:01,1540625,0,0,0,,,0,,
粤BZ4332,114.108353,22.596983,2016-10-31 23:59:53,1519047,0,180,0,,,0,黄色,
粤SW789Q,113.699417,22.967566,2016-11-01 00:00:01,1540760,0,0,0,,,0,,
粤B6P5S3黄,11.4045898,2.2600201,2016-10-31 23:59:59,1645508,0,0,0,,,0,黄色,
粤BU12W7,114.104248,22.537884,2016-11-01 00:00:00,1524508,63,116,0,,,1,蓝色,
粤B7L2E0,114.033035,22.566017,2016-10-31 23:59:59,1586448,0,180,0,,,0,蓝色,
粤SL141L,113.916534,22.977182,2016-11-01 00:00:00,1472189,36,208,0,,,0,,
粤B7Y9P6,114.030029,22.5222,2016-11-01 00:00:00,1673261,0,0,0,,,0,蓝色,
粤SM734K,113.680634,22.815117,2016-11-01 00:00:01,1480428,27,166,0,,,0,,
粤BAM239,114.085068,22.57185,2016-11-01 00:00:00,1550171,0,225,0,,,0,黄色,
粤SV217H,113.823586,23.059433,2016-11-01 00:00:01,1539087,0,0,0,,,0,,
粤B6WS48,114.024551,22.675882,2016-10-31 23:59:59,1433593,40,143,0,,,0,蓝色,
粤B4K1P9,113.920418,22.6674,2016-11-01 00:00:01,1590514,57,315,0,,,0,蓝色,
粤B5P2N1,114.120399,22.5389,2016-10-31 23:59:58,1647461,0,0,0,,,0,蓝色,
粤SH204P,113.814713,23.0352,2016-11-01 00:00:00,1450367,0,0,1,,,0,,
粤B1K7P3,113.999649,22.652866,2016-11-01 00:00:00,1588227,0,162,0,,,0,蓝色,
粤SYL285,113.708199,23.06575,2016-11-01 00:00:00,1298283,0,0,0,,,0,,
粤B0NS11,113.922035,22.555149,2016-10-31 23:59:59,1404186,63,93,0,,,0,蓝色,
粤BN14B2,114.101234,22.58465,2016-11-01 00:00:00,1506433,56,315,0,,,1,蓝色,
粤SG073H,113.850304,22.929533,2016-11-01 00:00:01,1429439,79,184,0,,,0,,
粤BP6036,113.893021,22.564318,2016-11-01 00:00:00,1730900,0,192,0,,,0,黄色,
粤B5HX43,114.0439,22.714367,2016-10-31 23:59:59,1374719,0,182,0,,,0,蓝色,
粤SY392Z,113.845314,23.035465,2016-11-01 00:00:01,1554584,36,10,0,,,0,,
粤B4BB50,114.048599,22.5194,2016-10-31 23:58:47,1353841,0,0,0,,,0,蓝色,
粤B7K4S2,114.057983,22.5396,2016-11-01 00:00:00,1604856,51,315,0,,,1,蓝色,
粤B0D4W5,113.81562,22.615784,2016-10-31 23:59:59,1573762,48,333,0,,,0,蓝色,
粤B8HQ35,114.273834,22.738117,2016-10-31 23:59:59,1371770,0,48,0,,,0,蓝色,
粤SU923W,113.723083,23.037901,2016-11-01 00:00:01,1538553,0,0,0,,,0,,
粤B1A1R6黄,11.4055702,2.26332,2016-10-31 23:59:59,1655061,0,0,0,,,0,黄色,
粤BM34U9,114.094765,22.559999,2016-11-01 00:00:01,1511442,0,315,0,,,0,蓝色,
粤BT17P6,113.919785,22.523083,2016-10-31 23:59:59,1520490,0,208,0,,,0,蓝色,
粤SV442H,113.752914,23.038782,2016-11-01 00:00:01,1539139,0,0,0,,,0,,
粤B5WR39,114.118034,22.5373,2016-11-01 00:00:00,1433675,37,225,0,,,0,蓝色,
粤B4HY73,114.117851,22.565849,2016-10-31 23:59:59,1375737,0,161,0,,,0,蓝色,
粤BK0052,114.027931,22.618948,2016-10-31 23:59:57,1546568,0,0,0,,,0,黄色,
粤SY717Z,113.783081,22.75675,2016-11-01 00:00:01,1554948,43,222,0,,,0,,
粤B0ND15,113.94677,22.491533,2016-10-31 23:59:52,1432031,51,180,0,,,0,蓝色,
粤B988YZ,114.031197,22.6779,2016-11-01 00:00:00,1455893,0,0,0,,,0,蓝色,
粤B26441,114.105965,22.543484,2016-11-01 00:00:00,1473788,0,225,0,,,0,蓝色,
粤BQ4207,110.402649,19.9918,2016-10-31 00:01:10,1653838,0,270,1,,,0,黄色,
粤BK4835,114.228821,22.735884,2016-11-01 00:00:00,1238102,0,48,0,,,0,黄色,
粤BM4446,113.770554,22.733011,2016-10-31 23:59:57,1546542,0,0,0,,,0,黄色,
粤BN43F0,114.156517,22.597483,2016-10-31 23:59:37,1511539,0,0,1,,,1,蓝色,
粤B9BW01,113.939697,22.490299,2016-10-31 23:58:48,1476650,0,0,0,,,0,蓝色,
粤BQ4L39,114.103119,22.544701,2016-10-31 23:59:59,1701271,0,248,0,,,0,黄色,
粤B1BS27,114.11602,22.54785,2016-11-01 00:00:00,1340120,13,270,0,,,0,蓝色,
粤B4HK57,113.890099,22.591499,2016-11-01 00:00:00,1370211,0,256,0,,,0,蓝色,
粤B6Y5P8,113.999001,22.596251,2016-11-01 00:00:00,1673247,0,225,0,,,0,黄色,
粤B3U3R7,114.100899,22.581699,2016-10-31 23:58:47,1634337,19,0,0,,,0,蓝色,
粤BK1071,114.273834,23.172318,2016-11-01 00:00:04,1295036,0,278,0,,,0,黄色,
粤B17134,114.081665,22.536917,2016-11-01 00:00:00,1460342,30,90,0,,,1,蓝色,
粤B1NP00,113.819397,22.673901,2016-10-31 23:59:59,1399000,13,0,0,,,0,蓝色,
粤B4K2S1,113.95015,22.570633,2016-11-01 00:00:01,1604865,0,135,0,,,1,蓝色,
粤B4V4M2,113.928802,22.555201,2016-10-31 23:58:40,1569216,44,256,0,,,0,蓝色,
粤B4MS57,114.026337,22.656418,2016-10-31 23:59:59,1384695,23,54,0,,,0,蓝色,
粤B8K3S7,114.271004,22.591883,2016-11-01 00:00:01,1604848,53,270,0,,,0,蓝色,
粤BX2177,113.911987,22.57893,2016-10-31 23:59:58,1569567,0,0,0,,,0,黄色,
粤B2G3V5蓝,11.402285,2.26096,2016-10-31 23:59:59,1540014,0,46,0,,,0,蓝色,
粤BN42X7,114.040733,22.542467,2016-10-31 23:59:59,1516348,62,266,0,,,0,蓝色,
粤B562ZK,114.044441,22.532522,2016-11-01 00:00:01,1459555,52,180,0,,,1,蓝色,
粤B4HR20,114.001801,22.732651,2016-10-31 23:59:59,1372015,0,348,0,,,0,蓝色,
粤BP34G9,114.109779,22.553534,2016-10-31 23:59:59,1516841,26,353,0,,,1,蓝色,
粤BW8D47,114.125435,22.549549,2016-10-31 23:59:59,1316441,0,63,0,,,1,蓝色,
粤B0V2P3,114.052101,22.567217,2016-11-01 00:00:00,1569004,16,90,0,,,0,蓝色,
粤B3B4C1,113.898735,22.57955,2016-10-31 23:59:59,1531401,0,322,0,,,0,黄色,
粤B0UF43,113.889603,22.576517,2016-10-31 23:59:58,1428762,29,313,0,,,0,蓝色,
粤B4K1S2,114.074753,22.547382,2016-11-01 00:00:00,1608266,36,270,0,,,1,蓝色,
粤B2CP41,113.838402,22.611668,2016-11-01 00:00:01,1349933,53,315,0,,,1,蓝色,
粤B1A1R8,114.051697,22.6374,2016-10-31 23:59:59,1655004,0,0,0,,,0,蓝色,
粤BT04M7,113.869385,22.578251,2016-10-31 23:59:59,1520466,0,9,0,,,0,蓝色,
粤SYL640,113.766647,23.026251,2016-10-31 23:59:59,1293569,26,84,0,,,1,,
粤B0WK17,113.9161,22.5313,2016-10-31 23:59:59,1427947,0,0,0,,,0,蓝色,
粤B0ND68,114.122437,22.613167,2016-11-01 00:00:00,1432067,0,225,0,,,0,蓝色,
粤B3K4N7,114.10527,22.617416,2016-11-01 00:00:00,1589388,4,0,0,,,1,蓝色,
粤B1U6R0,114.113503,22.534401,2016-10-31 23:58:48,1634352,1,0,0,,,0,蓝色,
粤BJ54E0,114.028885,22.617533,2016-10-31 23:59:59,1501494,0,61,0,,,0,蓝色,
粤B4U6Y5,114.09697,22.55335,2016-11-01 00:00:00,1652188,2,70,0,,,0,黄色,
粤BJ71E2,113.918221,22.549232,2016-11-01 00:00:01,1498930,0,0,0,,,0,蓝色,
粤BR0101,113.982735,22.5359,2016-11-01 00:00:01,1730923,0,1,0,,,0,黄色,
粤BL9M18,113.916153,22.535233,2016-11-01 00:00:00,1232014,0,180,0,,,0,蓝色,
粤B3V7N2,114.227066,22.710583,2016-10-31 23:59:58,1571867,11,123,0,,,1,蓝色,
粤BM45V0,114.101379,22.547783,2016-11-01 00:00:00,1511433,0,0,0,,,0,蓝色,
粤BR2100,113.971214,22.544167,2016-11-01 00:00:00,1570232,0,0,0,,,0,黄色,
粤BR40W7,113.813736,22.623751,2016-10-31 23:59:59,1520959,0,15,0,,,0,蓝色,
粤BC5277,113.919266,22.587816,2016-11-01 00:00:00,1076794,0,45,0,,,0,黄色,
粤SJ658G,113.727333,23.052851,2016-11-01 00:00:01,1509167,0,0,0,,,0,,
粤B9NC83,114.019547,22.5317,2016-11-01 00:00:00,1432028,50,45,0,,,1,蓝色,
粤B1V3P1,114.11055,22.595133,2016-11-01 00:00:00,1568564,49,180,0,,,0,蓝色,
粤B4VW21,113.911179,22.4925,2016-11-01 00:00:00,1644774,18,20,0,,,1,蓝色,
粤B3NS53,114.095169,22.580168,2016-10-31 23:59:58,1404209,0,237,0,,,1,蓝色,
粤SW758A,113.745316,23.025433,2016-11-01 00:00:01,1542374,39,104,0,,,1,,
粤B7VW66,114.037857,22.599016,2016-11-01 00:00:01,1644466,0,310,0,,,1,蓝色,
粤BY9X47,113.863014,22.601433,2016-11-01 00:00:00,1347769,68,315,0,,,0,蓝色,
粤SX485T,113.848366,22.861584,2016-11-01 00:00:01,1550901,25,230,0,,,0,,
粤B4MX88,114.057518,22.629482,2016-11-01 00:00:00,1384734,76,90,0,,,1,蓝色,
粤BW5756,114.084732,22.57205,2016-10-31 23:59:10,1462565,0,225,0,,,0,黄色,
粤B5U9Y2,114.112495,22.606182,2016-11-01 00:00:00,1652232,20,170,0,,,0,黄色,
粤BM5018,114.069336,22.686607,2016-10-31 23:59:58,1547184,0,0,0,,,0,黄色,
粤BW5756,114.084732,22.57205,2016-10-31 23:59:25,1462565,0,225,0,,,0,黄色,
粤B2FL47,114.715401,22.991501,2016-10-31 23:59:59,1370252,0,0,0,,,0,蓝色,
粤BW5756,114.084732,22.57205,2016-10-31 23:59:40,1462565,0,225,0,,,0,黄色,
粤SV417H,113.725113,23.062883,2016-11-01 00:00:01,1539094,51,210,0,,,1,,
粤B4V4P1,113.863899,22.580799,2016-10-31 23:57:20,1570163,0,0,0,,,0,蓝色,
粤BN94Z7,114.179947,22.556499,2016-10-31 23:59:59,1515533,0,165,0,,,0,蓝色,
粤B2A2R9,113.895897,22.5637,2016-10-31 23:59:59,1655106,0,0,0,,,0,蓝色,
粤BW5756,114.084732,22.57205,2016-10-31 23:59:55,1462565,0,225,0,,,0,黄色,
粤SW711A,114.158485,22.832783,2016-11-01 00:00:01,1542436,46,216,0,,,0,,
粤B1W2U0,114.040901,22.526899,2016-10-31 23:58:48,1688993,9,0,0,,,0,蓝色,
粤BP6855,114.064934,22.652233,2016-11-01 00:00:01,1230692,0,111,0,,,0,黄色,
粤B3HX51,114.045868,22.699133,2016-10-31 23:59:59,1386891,0,152,0,,,0,蓝色,
粤SW534M,113.793762,23.030867,2016-11-01 00:00:01,1542459,31,284,0,,,0,,
粤B539VY,113.803596,22.6707,2016-10-31 23:59:58,1700245,0,0,0,,,0,蓝色,
粤B2X1G9,114.065918,22.630333,2016-10-31 23:59:59,1699569,0,260,0,,,0,黄色,
粤BP7717,113.246353,23.151533,2016-11-01 00:00:01,1323825,0,0,0,,,0,黄色,
粤SW778B,113.907181,23.105949,2016-11-01 00:00:01,1539211,63,262,0,,,0,,
粤BZ39J7,114.076202,22.548201,2016-10-31 23:58:48,1643173,0,0,0,,,0,蓝色,
粤BN07B2,114.044746,22.525734,2016-11-01 00:00:01,1506471,0,45,0,,,0,蓝色,
粤SX603R,114.134514,22.746433,2016-11-01 00:00:01,1548344,0,0,0,,,0,,
粤B698VY,113.821899,22.6581,2016-10-31 23:59:58,1502027,59,0,0,,,0,蓝色,
粤BP7132,113.894318,22.566549,2016-11-01 00:00:00,1323816,0,0,0,,,0,黄色,
粤BZ2W41,114.099403,22.558701,2016-10-31 23:59:58,1343653,0,198,0,,,1,蓝色,
粤BAC182,114.139801,22.576332,2016-11-01 00:00:01,1546116,0,0,0,,,0,黄色,
粤SW898A,113.794746,23.063101,2016-11-01 00:00:01,1542390,0,0,1,,,0,,
粤B0UE58,114.053085,22.586451,2016-11-01 00:00:00,1415255,59,315,0,,,1,蓝色,
粤B4K9S2,113.969734,22.554533,2016-11-01 00:00:01,1604861,21,135,0,,,0,蓝色,
粤BN04W0,113.911697,22.535433,2016-10-31 23:59:59,1513903,47,266,0,,,1,蓝色,
粤B2A8R1,114.111198,22.5965,2016-11-01 00:00:00,1654983,0,0,0,,,0,蓝色,
粤SW452Q,113.871048,23.145832,2016-11-01 00:00:01,1540693,6,222,0,,,0,,
粤BV9118,113.855286,23.113199,2016-11-01 00:00:00,1448863,0,245,0,,,0,黄色,
粤B3B5C7,114.028,22.614349,2016-10-31 23:59:59,1531390,3,150,0,,,0,黄色,
粤B7VW09,114.108704,22.545,2016-11-01 00:00:00,1422707,0,0,0,,,0,蓝色,
粤B4MP95,113.812599,22.626101,2016-11-01 00:00:00,1378468,0,0,0,,,0,蓝色,
粤B2G4K9,114.026703,22.61705,2016-10-31 23:59:58,1532464,0,238,0,,,1,黄色,
粤B2F4F7,114.117516,22.546551,2016-10-31 23:59:58,1556370,31,77,0,,,0,蓝色,
粤B7MQ00,114.117485,22.551317,2016-11-01 00:00:01,1379724,10,180,0,,,1,蓝色,
粤B1X1U5,113.960503,22.5849,2016-11-01 00:00:00,1661994,5,0,0,,,0,蓝色,
粤B2B7C3,113.813454,22.624718,2016-10-31 23:59:59,1531406,0,18,0,,,0,黄色,
粤B2A1S5,114.021004,22.611099,2016-10-31 23:58:47,1656781,0,0,0,,,0,蓝色,
粤SJ831G,113.98098,22.981133,2016-11-01 00:00:01,1453915,54,152,0,,,0,,
粤B0AJ47,114.050682,22.521151,2016-10-31 23:59:58,1343650,31,88,0,,,0,蓝色,
粤BBM713,114.213387,22.647734,2016-11-01 00:00:02,1599963,0,208,0,,,0,黄色,
粤BJ58E7,113.920036,22.51115,2016-11-01 00:00:00,1498929,42,180,0,,,1,蓝色,
粤BR6987,113.920349,22.563988,2016-10-31 23:59:58,1617023,0,0,0,,,0,黄色,
粤B8HL93,113.962051,22.534901,2016-11-01 00:00:00,1370217,25,180,0,,,1,蓝色,
粤B0G4G3,114.1203,22.547117,2016-10-31 23:59:59,1556404,48,258,0,,,0,蓝色,
粤B0V4M7,113.813599,22.623501,2016-10-31 23:58:47,1569091,0,0,0,,,0,蓝色,
粤B142ZC,113.894402,22.583599,2016-10-31 23:59:59,1455036,0,0,0,,,0,蓝色,
粤BZ4Q47,114.174736,22.56205,2016-11-01 00:00:00,1347785,59,90,0,,,1,蓝色,
粤B2HX07,114.040298,22.656366,2016-10-31 23:59:59,1374728,0,324,0,,,0,蓝色,
粤B6P5S3黄,11.4045898,2.2600201,2016-10-31 23:59:59,1645508,0,0,0,,,0,黄色,
粤B4UE76,113.810036,22.626783,2016-11-01 00:00:01,1414982,0,90,0,,,0,蓝色,
粤B2E53A,113.961136,22.5431,2016-10-31 23:59:55,1705047,13,294,0,,,1,黄色,
粤BP40G6,114.134499,22.565434,2016-10-31 23:59:58,1539808,0,38,0,,,0,蓝色,
粤B4Q0B3,113.905869,22.55415,2016-11-01 00:00:00,1554271,0,135,0,,,0,蓝色,
粤B4G4G7,113.922897,22.515568,2016-10-31 23:59:59,1556362,39,80,0,,,0,蓝色,
粤BA334R,113.955582,22.584383,2016-11-01 00:00:00,1514547,38,225,0,,,0,蓝色,
粤B2G1V5,114.145287,22.609867,2016-10-31 23:59:49,1539865,0,262,0,,,1,黄色,
粤B5P2N1,114.120399,22.5389,2016-10-31 23:59:58,1647461,0,0,0,,,0,蓝色,
粤BS4146,114.067596,22.686533,2016-11-01 00:00:19,1541160,0,75,0,,,0,黄色,
粤B2G1V5,114.145287,22.609867,2016-10-31 23:59:54,1539865,0,262,0,,,1,黄色,
粤BM5056,113.887184,22.544971,2016-10-31 23:59:57,1547207,0,114,0,,,0,黄色,
粤BR7264,114.099617,22.589417,2016-11-01 00:00:00,1660606,0,318,0,,,0,黄色,
粤B2G1V5,114.145287,22.609867,2016-10-31 23:59:59,1539865,0,262,0,,,1,黄色,
粤BL9801,114.147202,22.542282,2016-11-01 00:00:00,1158970,0,313,0,,,0,黄色,
粤B1A1R6黄,11.4055702,2.26332,2016-10-31 23:59:59,1655061,0,0,0,,,0,黄色,
粤B6HX45,114.044815,22.713551,2016-10-31 23:59:59,1374735,0,0,0,,,1,蓝色,
粤BV6N47,114.081413,22.548967,2016-10-31 23:59:59,1319279,0,256,0,,,0,蓝色,
粤B2A2R9,113.895897,22.5637,2016-10-31 23:59:59,1655106,0,0,0,,,0,蓝色,
粤BV0X76,114.124046,22.558701,2016-11-01 00:00:00,1312686,0,225,0,,,0,蓝色,
粤BD8Q34,114.014435,22.7432,2016-11-01 00:00:01,1157867,0,270,1,,,1,蓝色,
粤B2J4M3,114.05175,22.5382,2016-10-31 23:59:59,1576679,11,182,0,,,0,蓝色,
粤B2DS40,114.065399,22.522984,2016-10-31 23:59:35,1349953,31,270,0,,,0,蓝色,
粤B5P7N7,113.809898,22.626801,2016-11-01 00:00:00,1647434,0,0,0,,,0,蓝色,
粤B9BR40,114.066048,22.538366,2016-11-01 00:00:01,1340145,27,225,0,,,0,蓝色,
粤B4G7G8,114.050797,22.511,2016-10-31 23:59:59,1556432,0,211,0,,,0,蓝色,
粤BM53T3,114.04702,22.600582,2016-11-01 00:00:01,1511486,0,225,0,,,0,蓝色,
粤BZ4R77,114.029099,22.522301,2016-10-31 23:58:47,1345286,0,256,0,,,0,蓝色,
粤B4R8S5,114.235481,22.727217,2016-11-01 00:00:00,1616825,0,135,0,,,0,蓝色,
粤B6BR07,114.142632,22.61565,2016-11-01 00:00:01,1340085,0,0,0,,,0,蓝色,
粤B4G4G3,114.065903,22.524733,2016-10-31 23:59:59,1556369,0,197,0,,,0,蓝色,
粤BK7437,113.925247,22.554228,2016-10-31 23:59:01,1345702,0,0,0,,,0,黄色,
粤BU8077,114.125183,22.543068,2016-11-01 00:00:00,1408270,0,180,0,,,0,黄色,
粤BN6221,114.085434,22.571301,2016-10-31 23:59:04,1322581,0,270,0,,,0,黄色,
粤SYL277,113.816902,23.0236,2016-11-01 00:00:01,1298252,19,140,0,,,0,,
粤BZ7Y41,114.063217,22.527067,2016-10-31 23:59:59,1343452,54,359,0,,,0,蓝色,
粤BG3726蓝,11.4100769,2.2558533,2016-10-31 23:59:55,1466996,34,45,0,,,1,蓝色,
粤B5X4A1,113.813499,22.6238,2016-10-31 23:59:58,1653247,0,0,0,,,0,蓝色,
粤BN6221,114.085434,22.571301,2016-10-31 23:59:19,1322581,0,270,0,,,0,黄色,
粤BV7N42,114.023865,22.523649,2016-10-31 23:59:59,1319349,0,290,0,,,0,蓝色,
粤BN6221,114.085434,22.571301,2016-10-31 23:59:34,1322581,0,270,0,,,0,黄色,
粤BN6221,114.085434,22.571301,2016-10-31 23:59:49,1322581,0,270,0,,,0,黄色,
粤BW4B73,113.814468,22.617849,2016-10-31 23:59:59,1319373,0,333,0,,,0,蓝色,
粤B1X5U2黄,11.3943398,2.2583401,2016-11-01 00:00:00,1662042,38,0,0,,,0,黄色,
粤BR04X7,114.05587,22.660917,2016-11-01 00:00:01,1522120,40,135,0,,,0,蓝色,
粤B2E17Z,113.93782,22.53385,2016-11-01 00:00:01,1705971,25,135,0,,,0,蓝色,
粤B2V4Q7,113.908585,22.580067,2016-10-31 23:59:57,1570564,56,225,0,,,0,蓝色,
粤B7V9M8,113.947968,22.55595,2016-11-01 00:00:01,1568641,53,225,0,,,1,蓝色,
粤BS4476,113.932053,22.612432,2016-11-01 00:00:00,1731211,0,0,0,,,0,黄色,
粤SYL231,114.092163,22.789249,2016-11-01 00:00:01,1298165,0,0,1,,,0,,
粤BS5670,113.912003,22.5786,2016-10-31 23:58:42,1551066,0,0,1,,,1,黄色,
粤SW590E,113.792397,22.791782,2016-11-01 00:00:00,1539316,0,0,0,,,0,,
粤B0E92Z,114.05098,22.548767,2016-11-01 00:00:01,1705962,0,135,0,,,0,蓝色,
粤SW982D,114.155266,22.845133,2016-11-01 00:00:01,1547144,57,78,0,,,0,,
粤B8P2R2黄,11.4097099,2.2591999,2016-10-31 23:59:59,1655077,0,256,0,,,0,黄色,
粤BM24M7,114.029449,22.527884,2016-11-01 00:00:01,1511472,2,90,0,,,0,蓝色,
粤B896YZ,114.015099,22.686501,2016-11-01 00:01:36,1455784,0,0,1,,,1,蓝色,
粤BEC862,114.09713,22.573532,2016-10-31 23:59:59,1489442,39,215,0,,,0,蓝色,
粤B3K7P0,114.03447,22.661467,2016-11-01 00:00:01,1589373,18,45,0,,,0,蓝色,
粤SG491H,113.734383,23.048149,2016-11-01 00:00:01,1428115,31,152,0,,,1,,
粤B477ZE,114.047501,22.716801,2016-10-31 23:59:59,1456723,0,0,0,,,0,蓝色,
粤BV3497,114.15995,22.7173,2016-10-31 00:01:11,1429202,0,90,1,,,0,黄色,
粤SU794Q,113.710632,22.981699,2016-11-01 00:00:01,1532900,20,46,0,,,0,,
粤B742ZE,114.130302,22.6082,2016-11-01 00:04:31,1456915,0,0,1,,,1,蓝色,
粤SYW032,113.735863,22.800051,2016-10-31 23:59:59,1298156,0,0,0,,,0,,
粤B6L3E7,114.126236,22.55315,2016-10-31 23:59:55,1586438,13,90,0,,,1,蓝色,
粤BJ62K8,114.287186,22.726816,2016-10-31 23:59:59,1502446,0,298,0,,,0,蓝色,
粤BV8W32,114.1064,22.544867,2016-11-01 00:00:01,1312697,33,225,0,,,0,蓝色,
粤SG064N,113.775383,23.031317,2016-11-01 00:00:01,1430544,24,128,1,,,0,,
粤BR14Y9,114.055702,22.626333,2016-11-01 00:00:01,1522129,12,135,0,,,0,蓝色,
粤B8P8R3,114.074203,22.5352,2016-10-31 23:59:58,1655065,0,256,0,,,0,蓝色,
粤SV824H,113.739365,23.008415,2016-11-01 00:00:01,1538964,0,0,0,,,1,,
粤BN02E6,114.0467,22.530466,2016-10-31 23:59:59,1506503,0,95,0,,,0,蓝色,
粤B1B3C0,114.025497,22.66025,2016-10-31 23:59:59,1531319,0,72,0,,,0,黄色,
粤SV107N,113.788551,23.043016,2016-11-01 00:00:01,1542398,0,0,0,,,0,,
粤B1D7X1,113.809586,22.6271,2016-11-01 00:00:00,1573741,11,179,0,,,0,蓝色,
粤SU361L,113.876617,22.994783,2016-11-01 00:00:01,1533270,5,72,0,,,0,,
粤BW3P76,113.960632,22.541166,2016-11-01 00:00:00,1319264,6,0,0,,,0,蓝色,
粤BS9N63,114.068497,22.5326,2016-10-31 23:58:45,1292499,14,0,0,,,0,蓝色,
粤SG656H,113.742134,22.991516,2016-11-01 00:00:01,1428076,0,0,0,,,1,,
粤B4Q5B0,114.047279,22.510668,2016-10-31 23:59:55,1554285,34,225,0,,,0,蓝色,
粤BR7010,114.051697,22.508331,2016-10-31 23:59:58,1591992,0,0,0,,,0,黄色,
粤BK46K2,114.226196,22.557583,2016-11-01 00:00:00,1511212,37,72,0,,,1,蓝色,
粤SV871F,113.785385,23.028,2016-11-01 00:00:01,1538959,11,40,1,,,0,,
粤B9HW05,114.302879,22.673349,2016-11-01 00:00:00,1374699,74,72,0,,,0,蓝色,
粤BZ0922,114.159019,22.6243,2016-11-01 00:00:33,1512691,0,261,0,,,0,黄色,
粤B24797,114.032898,22.5242,2016-10-31 23:58:48,1476473,0,256,0,,,0,蓝色,
粤B1BS67,114.02153,22.525049,2016-11-01 00:00:01,1341110,36,270,0,,,0,蓝色,
粤B948ZD,114.031998,22.6357,2016-11-01 00:04:32,1461611,0,0,1,,,0,蓝色,
粤B9UF98,113.843819,22.599684,2016-11-01 00:00:00,1416455,0,135,0,,,0,蓝色,
粤B7WK26,114.135834,22.634832,2016-11-01 00:00:00,1426755,0,149,0,,,0,蓝色,
粤BR43Y2,114.100601,22.5383,2016-11-01 00:00:01,1522123,63,225,0,,,1,蓝色,
粤B4ZP25,114.116165,22.541849,2016-11-01 00:00:11,1442958,0,0,1,,,0,蓝色,
粤BZ5652,114.063766,22.576433,2016-11-01 00:00:00,1551479,0,357,0,,,0,黄色,
粤B6WK08,114.23008,22.707951,2016-11-01 00:00:00,1426791,0,0,0,,,0,蓝色,
粤B352WY蓝,11.3916061,2.2535482,2016-11-01 00:00:00,1472039,0,90,0,,,0,蓝色,
粤BQ2C53,114.023232,22.525017,2016-11-01 00:00:00,1257390,3,90,0,,,0,蓝色,
粤BN10W9,114.066231,22.519167,2016-10-31 23:59:59,1513880,32,83,0,,,1,蓝色,
粤SX438T,113.734268,23.002583,2016-11-01 00:00:01,1550845,29,336,0,,,0,,
粤B1V1V7,114.063118,22.530899,2016-11-01 00:00:00,1570592,64,179,0,,,1,蓝色,
粤B7BU02,113.925964,22.5793,2016-10-31 23:58:55,1342462,34,225,0,,,0,蓝色,
粤B4P1B9,114.122902,22.5487,2016-10-31 23:58:46,1654727,0,0,0,,,0,蓝色,
粤SU381L,113.75528,23.034283,2016-11-01 00:00:01,1533452,0,0,0,,,0,,
粤B3B1C7,113.891068,22.5749,2016-10-31 23:59:59,1531411,13,136,0,,,0,黄色,
粤B8NN26,113.889,22.564301,2016-11-01 00:00:00,1399003,6,0,0,,,0,蓝色,
粤SYQ096,113.739754,23.012066,2016-10-31 23:59:58,1294347,0,0,0,,,0,,
粤B9CF47,113.97818,22.53665,2016-11-01 00:00:01,1347825,60,270,0,,,1,蓝色,
粤BZ7Z39,114.183403,22.555901,2016-10-31 23:58:48,1345360,0,256,0,,,0,蓝色,
粤BP6555,113.89875,22.551001,2016-11-01 00:00:01,1229177,0,88,0,,,0,黄色,
粤SG741H,113.680847,22.932283,2016-11-01 00:00:01,1430546,6,310,0,,,0,,
粤BN13W6,114.114616,22.58185,2016-11-01 00:00:00,1513885,66,345,0,,,1,蓝色,
粤BA664K,114.055984,22.538017,2016-11-01 00:00:01,1514556,0,135,0,,,0,蓝色,
粤BV3696,114.130348,22.594452,2016-10-31 23:59:58,1563770,0,0,0,,,0,黄色,
粤B2R5T0,113.93515,22.559767,2016-10-31 23:59:59,1657524,0,90,0,,,0,黄色,
粤BG1P20,114.077965,22.543016,2016-10-31 23:59:59,1217290,69,89,0,,,1,蓝色,
粤B4CP41,114.113914,22.537701,2016-11-01 00:00:01,1347840,0,0,0,,,0,蓝色,
粤BP64A9,114.121719,22.573933,2016-10-31 23:59:58,1604167,16,231,0,,,0,蓝色,
粤BM41M7,114.101913,22.631109,2016-11-01 00:00:00,1506553,21,140,0,,,0,蓝色,
粤BZ7R46,113.918587,22.519899,2016-11-01 00:00:01,1340152,0,90,1,,,1,蓝色,
粤B1V0R7,114.03508,22.54425,2016-10-31 23:59:51,1574942,0,135,0,,,1,蓝色,
粤BF6714,113.813637,22.623667,2016-11-01 00:00:00,1466923,0,0,0,,,0,蓝色,
粤B5SN17,114.006554,22.542334,2016-11-01 00:00:00,1409741,91,127,0,,,0,蓝色,
粤B7HX91,114.117104,22.550751,2016-11-01 00:00:01,1374653,12,0,0,,,1,蓝色,
粤SW585R,113.667969,22.9403,2016-11-01 00:00:01,1540626,0,0,0,,,0,,
粤B14953,114.107635,22.549417,2016-11-01 00:00:01,1460334,28,315,0,,,1,蓝色,
粤B7VW09,114.108704,22.545,2016-11-01 00:00:00,1422707,0,0,0,,,0,蓝色,
粤SX292Y,114.002266,22.983316,2016-11-01 00:00:01,1552456,0,0,0,,,0,,
粤B4WJ85,114.006821,22.650867,2016-10-31 23:59:59,1426929,0,43,0,,,0,蓝色,
粤B741WV,114.115265,22.602051,2016-11-01 00:00:01,1457069,48,0,0,,,1,蓝色,
粤SM313T,113.811714,23.014915,2016-11-01 00:00:01,1480501,0,0,0,,,0,,
粤B0B2B7,114.032097,22.614834,2016-10-31 23:59:59,1531331,28,234,0,,,0,黄色,
粤B6P0T0,114.0252,22.531601,2016-11-01 00:00:00,1645547,37,256,0,,,0,蓝色,
粤BQ5P73,113.946465,22.555117,2016-10-31 23:59:59,1702167,59,79,0,,,1,蓝色,
粤SW189D,113.604103,22.951651,2016-11-01 00:00:01,1542354,52,20,0,,,1,,
粤B142ZC,113.894402,22.583599,2016-10-31 23:59:59,1455036,0,0,0,,,0,蓝色,
粤B1HR43,114.021049,22.610916,2016-11-01 00:00:00,1371998,0,332,0,,,0,蓝色,
粤BP34G9,114.109779,22.553534,2016-10-31 23:59:59,1516841,26,353,0,,,1,蓝色,
粤B3NQ47,114.10218,22.579433,2016-11-01 00:00:00,1449615,0,0,0,,,0,蓝色,
粤BC0279,114.267586,22.728783,2016-11-01 00:00:00,1077017,0,90,0,,,0,黄色,
粤B2SU73,114.1157,22.5907,2016-10-31 23:59:59,1410697,0,0,0,,,0,蓝色,
粤BV9360,114.267532,22.848433,2016-11-01 00:00:01,1448415,0,0,0,,,0,黄色,
粤BH4Q12,114.121902,22.6089,2016-10-31 23:58:47,1387781,0,0,0,,,0,蓝色,
粤B4BR11,114.04348,22.527517,2016-11-01 00:00:01,1340175,0,225,1,,,1,蓝色,
粤B0V2N1,114.27272,22.731434,2016-11-01 00:00:00,1571791,11,45,0,,,0,蓝色,
粤BM4839,114.013359,22.624256,2016-10-31 23:59:57,1551996,0,243,0,,,0,黄色,
粤B4Q6B7,114.027016,22.61315,2016-11-01 00:00:05,1554280,0,225,1,,,0,蓝色,
粤B1K7A5,113.964447,22.551634,2016-10-31 23:59:57,1699528,26,254,0,,,1,黄色,
粤B5WR18,114.061203,22.571383,2016-11-01 00:00:01,1433156,0,180,1,,,0,蓝色,
粤B413YZ,113.840897,22.6308,2016-10-31 23:59:52,1455685,11,0,0,,,0,蓝色,
粤B4Q9B5,113.89608,22.483032,2016-11-01 00:00:00,1554211,53,270,0,,,1,蓝色,
粤B991ZB,113.891602,22.5919,2016-11-01 00:00:01,1454764,0,0,0,,,0,蓝色,
粤BG1P05,114.068718,22.521767,2016-10-31 23:59:32,1217285,0,0,1,,,0,蓝色,
粤B3BV62,114.022499,22.560301,2016-10-31 23:58:48,1353904,39,0,0,,,0,蓝色,
粤B7VV17,114.126053,22.544901,2016-11-01 00:00:03,1422884,0,315,1,,,1,蓝色,
粤BD0663,114.387756,23.06443,2016-10-31 23:59:57,1553712,0,0,0,,,0,黄色,
粤B2A7R0,114.091003,22.563801,2016-10-31 23:59:58,1655014,0,0,0,,,0,蓝色,
粤B2J4Y1,114.157402,22.566784,2016-10-31 23:59:59,1699546,35,2,0,,,1,黄色,
粤B9BT47,114.067986,22.547251,2016-11-01 00:00:01,1347849,38,0,0,,,1,蓝色,
粤B937YZ,113.833504,22.6313,2016-10-31 23:59:59,1455830,50,0,0,,,1,蓝色,
粤BV4W37,114.028236,22.62155,2016-10-31 23:59:59,1318826,42,135,0,,,0,蓝色,
粤B4J2Z1,114.12207,22.546284,2016-10-31 23:59:59,1699529,22,260,0,,,0,黄色,
粤B1Y1Y0,113.911903,22.577101,2016-10-31 23:58:48,1614048,6,0,0,,,0,蓝色,
粤BC9159,114.170303,22.604267,2016-11-01 00:00:05,1463895,0,0,1,,,1,蓝色,
粤BM5023,113.770538,22.732927,2016-10-31 23:59:56,1551678,0,126,0,,,0,黄色,
粤BJ54P0,114.054047,22.573883,2016-11-01 00:00:00,1511496,0,0,0,,,0,蓝色,
粤B7C4R9,114.148132,22.609068,2016-10-31 23:59:59,1699965,50,298,0,,,1,黄色,
粤B8HX20,114.02562,22.672518,2016-11-01 00:00:00,1374707,0,236,0,,,0,蓝色,
粤BK2473,113.92527,22.554449,2016-10-31 23:59:02,1345699,0,0,0,,,0,黄色,
粤B4H938,113.950432,22.556284,2016-10-31 23:59:52,1476898,81,225,0,,,1,蓝色,
粤B8U6R3,113.888763,22.559732,2016-10-31 23:59:55,1577783,76,314,0,,,1,蓝色,
粤B0X7A1,113.824097,22.652,2016-10-31 23:59:57,1653317,39,0,0,,,0,蓝色,
粤B5P7N7,113.809898,22.626801,2016-11-01 00:00:00,1647434,0,0,0,,,0,蓝色,
粤B3K4P8,114.017616,22.644266,2016-10-31 23:59:59,1589366,38,180,0,,,0,蓝色,
粤B8U3R3,114.091003,22.55125,2016-10-31 23:59:53,1577750,30,180,0,,,0,蓝色,
粤B5X4A1,113.813499,22.6238,2016-10-31 23:59:58,1653247,0,0,0,,,0,蓝色,
粤B4K3P0,114.111168,22.608368,2016-11-01 00:00:01,1590512,5,315,0,,,0,蓝色,
粤BN04W0,113.911697,22.535433,2016-10-31 23:59:59,1513903,47,266,0,,,1,蓝色,
粤B4V7Q3,114.122734,22.549601,2016-11-01 00:00:02,1571095,2,315,0,,,1,蓝色,
粤B1P9M9,113.995247,22.550716,2016-10-31 23:59:55,1647150,1,190,0,,,0,蓝色,
粤B4NJ18,113.906898,22.583401,2016-11-01 00:00:01,1395340,0,256,0,,,0,蓝色,
粤BB994U,114.046501,22.525583,2016-11-01 00:00:01,1514571,0,45,0,,,0,蓝色,
粤B8HW42,113.887497,22.791599,2016-11-01 00:00:00,1375595,0,290,0,,,1,蓝色,
粤BJ8185,113.801384,29.235806,2016-10-31 23:59:57,1553264,0,0,1,,,0,黄色,
粤B8U6R2,114.096367,22.540199,2016-10-31 23:59:54,1577774,11,268,0,,,0,蓝色,
粤B4BR20,113.927429,22.525183,2016-10-31 23:59:59,1340111,41,90,0,,,1,蓝色,
粤B4BS90,113.903801,22.587299,2016-10-31 23:58:48,1445640,0,0,0,,,0,蓝色,
粤B9HL02,113.812302,22.6231,2016-10-31 23:52:07,1370167,0,0,0,,,0,蓝色,
粤B8VW98,114.068001,22.547251,2016-10-31 23:59:55,1423208,0,358,0,,,1,蓝色,
粤SU657L,113.759315,23.044716,2016-11-01 00:00:01,1533214,0,0,0,,,1,,
粤B1K7P1,114.24865,22.7139,2016-11-01 00:00:01,1588190,14,158,0,,,0,蓝色,
粤B0U2G0,114.124672,22.571632,2016-10-31 23:59:58,1644721,55,340,0,,,0,蓝色,
粤SY032Z,114.160034,22.716583,2016-11-01 00:00:01,1554889,0,0,0,,,0,,
粤BJ69E7,114.055321,22.518417,2016-11-01 00:00:01,1498906,10,315,0,,,1,蓝色,
粤B2NH46,114.028748,22.617468,2016-10-31 23:59:58,1392783,0,229,0,,,0,蓝色,
粤SW867R,113.833679,22.903282,2016-11-01 00:00:01,1540635,0,0,0,,,0,,
粤B37586,114.099319,22.543449,2016-11-01 00:00:01,1462257,18,90,0,,,1,蓝色,
粤B1A5R0黄,11.4167297,2.25632,2016-10-31 23:59:58,1655028,0,0,0,,,0,黄色,
粤SL825E,113.98967,22.964167,2016-11-01 00:00:01,1490468,0,0,0,,,0,,
粤B2K3P7,113.811996,22.622667,2016-11-01 00:00:01,1589330,19,0,0,,,0,蓝色,
粤B7P2R7,114.058502,22.571501,2016-11-01 00:00:00,1655086,0,0,0,,,0,蓝色,
粤B4Q0D7,114.222351,22.682568,2016-11-01 00:00:01,1554770,71,180,0,,,1,蓝色,
粤SU891T,113.792183,22.820999,2016-11-01 00:00:01,1532871,41,172,0,,,0,,
粤B7A42X,113.813286,22.623833,2016-11-01 00:00:02,1687244,0,50,0,,,0,蓝色,
粤B0MQ10,113.920403,22.6696,2016-10-31 23:59:52,1378413,40,0,0,,,0,蓝色,
粤B3A5A1,113.915718,22.570667,2016-11-01 00:00:00,1529672,0,90,0,,,0,蓝色,
粤SYL262,113.756569,23.031349,2016-11-01 00:00:01,1298229,23,346,0,,,0,,
粤B7V0X5,114.123337,22.644648,2016-11-01 00:00:01,1652724,0,50,0,,,1,蓝色,
粤B1X5U2黄,11.3943398,2.2583401,2016-11-01 00:00:00,1662042,38,0,0,,,0,黄色,
粤B3MX28,114.043617,22.714083,2016-11-01 00:00:00,1384747,0,0,0,,,0,蓝色,
粤BJ9646,117.860336,24.338182,2016-10-31 23:59:12,1149970,0,180,0,,,0,黄色,
粤SJ921L,113.786751,23.055651,2016-11-01 00:00:01,1428074,0,0,0,,,0,,
粤BZ1236,112.801376,24.091967,2016-10-31 23:59:58,1553640,96,98,0,,,0,黄色,
粤B6VW29,113.921852,22.51795,2016-11-01 00:00:00,1423198,15,127,0,,,1,蓝色,
粤BJ9646,117.860336,24.338182,2016-10-31 23:59:27,1149970,0,180,0,,,0,黄色,
粤SH434Y,113.755051,23.052401,2016-11-01 00:00:01,1449313,19,44,0,,,0,,
粤B582VX,114.080498,22.7262,2016-10-31 23:59:59,1700325,12,0,0,,,0,蓝色,
粤BJ9646,117.860336,24.338182,2016-10-31 23:59:42,1149970,0,180,0,,,0,黄色,
粤B2SR06,114.11972,22.546633,2016-10-31 23:59:57,1409719,0,309,0,,,0,蓝色,
粤SV586Q,113.666,22.945833,2016-11-01 00:00:01,1537627,16,312,0,,,0,,
粤BK2586,114.83168,22.726389,2016-10-31 23:59:57,1549880,0,0,0,,,0,黄色,
粤BU21T7,114.082283,22.573633,2016-10-31 23:59:59,1527957,0,102,0,,,0,蓝色,
粤BJ9646,117.860336,24.338182,2016-10-31 23:59:57,1149970,0,180,0,,,0,黄色,
粤BM74Z2,114.063103,22.5245,2016-10-31 23:58:49,1506225,35,0,0,,,0,蓝色,
粤B6L2E7,113.933464,22.524883,2016-10-31 23:59:58,1586432,26,270,0,,,1,蓝色,
粤B9W7F5,114.012215,22.5303,2016-10-31 23:59:55,1647120,68,76,0,,,1,蓝色,
粤BM4177,113.983482,22.535633,2016-11-01 00:00:01,1554102,0,40,0,,,0,黄色,
粤B4H9K7,114.219467,22.629633,2016-10-31 23:59:59,1699579,0,270,0,,,1,黄色,
粤B8K5S6,114.165367,22.566868,2016-11-01 00:00:01,1604833,0,270,0,,,0,蓝色,
粤BC4993,114.067551,22.523767,2016-11-01 00:00:01,1463901,32,90,0,,,1,蓝色,
粤B4H9K7,114.219467,22.629633,2016-10-31 23:59:58,1699579,0,270,0,,,1,黄色,
粤BAH961,114.039597,22.52235,2016-10-31 23:59:56,1536217,0,90,0,,,0,黄色,
粤B4H9K7,114.219467,22.629633,2016-10-31 23:59:57,1699579,0,270,0,,,1,黄色,
粤B8P2R2黄,11.4097099,2.2591999,2016-10-31 23:59:59,1655077,0,256,0,,,0,黄色,
粤B4H9K7,114.219467,22.629633,2016-10-31 23:59:56,1699579,0,270,0,,,1,黄色,
粤BJ9572,114.084984,22.57185,2016-11-01 00:00:01,1322916,0,225,0,,,0,黄色,
粤BA9814,114.303665,22.727133,2016-11-01 00:00:01,1601384,0,0,0,,,0,黄色,
粤B0H5K2,114.136314,22.549517,2016-11-01 00:00:00,1699588,53,30,0,,,0,黄色,
粤B3H7K7,113.88752,22.572399,2016-11-01 00:00:00,1699254,35,314,0,,,0,黄色,
粤BJ6427,114.063431,22.576584,2016-11-01 00:00:01,1326220,0,0,0,,,0,黄色,
粤BW0L47,114.114197,22.563517,2016-10-31 23:59:59,1343491,0,4,0,,,1,蓝色,
粤BN5912,110.2798,25.269466,2016-11-01 00:00:01,1205966,0,45,0,,,0,黄色,
粤BR7269,113.912148,22.578648,2016-11-01 00:00:00,1554252,0,0,1,,,0,黄色,
粤BV1N47,114.01577,22.628468,2016-10-31 23:59:59,1319299,0,273,0,,,0,蓝色,
粤B6L7E9,114.047951,22.537451,2016-11-01 00:00:00,1586437,0,315,0,,,0,蓝色,
粤B8P8R3,114.074203,22.5352,2016-10-31 23:59:58,1655065,0,256,0,,,0,蓝色,
粤BW3859,114.127403,22.599951,2016-11-01 00:00:34,1461229,0,95,0,,,0,黄色,
粤B3BS29,114.01545,22.555668,2016-11-01 00:00:01,1340108,0,135,0,,,0,蓝色,
粤B8F71P,114.102402,22.617201,2016-10-31 23:59:57,1720666,10,0,0,,,0,蓝色,
粤B3AF41,114.11512,22.545067,2016-10-31 23:59:59,1343453,0,57,0,,,0,蓝色,
粤B0V4P2,114.058083,22.5315,2016-11-01 00:08:16,1568592,0,45,1,,,0,蓝色,
粤BC4821,113.782471,22.689672,2016-10-31 23:59:57,1550647,0,0,0,,,0,黄色,
粤BP1262,113.715416,22.987368,2016-11-01 00:00:01,1259979,0,135,1,,,0,黄色,
粤BV1Z43,102.033981,41.346817,2016-11-01 00:00:42,1319269,0,0,0,,,0,蓝色,
粤B465ZE,113.897003,22.570101,2016-10-31 23:59:57,1456711,35,0,0,,,1,蓝色,
粤B6BR41,114.008148,22.658966,2016-10-31 23:59:59,1343457,30,286,0,,,1,蓝色,
粤BW5681,114.391701,23.082184,2016-11-01 00:00:01,1462556,0,270,0,,,0,黄色,
粤B0U7G5,114.109856,22.552313,2016-11-01 00:00:01,1644539,60,350,0,,,1,蓝色,
粤B1HL41,113.894302,22.567499,2016-11-01 00:00:00,1370157,0,0,0,,,0,蓝色,
粤B34457,114.173164,22.606716,2016-11-01 00:00:01,1462245,0,180,0,,,0,蓝色,
粤BV0W47,114.076248,22.54635,2016-10-31 23:59:36,1319212,46,358,0,,,1,蓝色,
粤B1V3P7,113.99128,22.558233,2016-10-31 23:59:55,1568590,80,270,0,,,1,蓝色,
粤B4BU37,114.01355,22.539301,2016-10-31 23:59:59,1343730,0,354,0,,,1,蓝色,
粤BC5948,114.084,22.540783,2016-11-01 00:07:00,1463910,0,45,1,,,0,蓝色,
粤B0U1G6,114.100677,22.628078,2016-11-01 00:00:02,1644711,4,310,0,,,1,蓝色,
粤BAB777,113.830284,22.697083,2016-11-01 00:00:02,1731173,0,1,0,,,0,黄色,
粤BX5V47,114.00695,22.549767,2016-11-01 00:00:00,1343651,0,212,0,,,1,蓝色,
粤B3K6P0,114.043816,22.632566,2016-11-01 00:09:55,1590552,0,270,1,,,0,蓝色,
粤BV0W47,114.076263,22.546667,2016-10-31 23:59:46,1319212,0,319,0,,,1,蓝色,
粤BDF848,113.899353,22.558416,2016-11-01 00:00:01,1707964,0,225,0,,,0,黄色,
粤BL4F60,113.887115,22.548134,2016-11-01 00:00:00,1230952,0,0,0,,,0,蓝色,
粤BF5532,114.125687,22.550432,2016-11-01 00:00:01,1467544,40,180,0,,,0,蓝色,
粤BW9Q67,114.043953,22.679068,2016-10-31 23:59:54,1319297,10,0,0,,,0,蓝色,
粤BP04G5,113.971901,22.530149,2016-10-31 23:59:52,1517565,74,111,0,,,1,蓝色,
粤SV844H,113.775169,23.022467,2016-11-01 00:00:01,1538951,0,0,0,,,1,,
粤BQ5C42,114.038948,22.632917,2016-10-31 23:59:58,1265687,48,96,0,,,0,蓝色,
粤B997ZD,114.137604,22.6217,2016-11-01 00:00:00,1461622,14,0,0,,,1,蓝色,
粤BW1N43,113.883904,22.6054,2016-11-01 00:00:01,1319253,92,135,0,,,1,蓝色,
粤SG130H,113.779503,23.028166,2016-11-01 00:00:01,1429400,4,126,0,,,0,,
粤BR40W1,114.033546,22.627899,2016-10-31 23:59:59,1520954,49,342,0,,,1,蓝色,
粤BC1621,114.122299,22.611376,2016-10-31 23:59:57,1546553,0,0,0,,,0,黄色,
粤B9WL70,114.053169,22.585283,2016-10-31 23:59:42,1431003,76,135,0,,,0,蓝色,
粤B0SR15,114.108437,22.601801,2016-11-01 00:00:00,1409716,15,55,0,,,0,蓝色,
粤SZH047,113.786964,23.0616,2016-11-01 00:00:01,1308331,0,0,0,,,0,,
粤B4HL16,114.027702,22.6448,2016-11-01 00:00:00,1370101,12,0,0,,,0,蓝色,
粤B2HR97,114.118584,22.610582,2016-10-31 23:59:58,1372340,26,238,0,,,0,蓝色,
粤BU6K75,114.066048,22.524282,2016-10-31 23:59:59,1298804,8,37,0,,,0,蓝色,
粤BZ54J2,113.899597,22.549,2016-10-31 23:58:48,1642397,0,0,0,,,0,蓝色,
粤BA4702,113.920082,22.492867,2016-11-01 00:00:01,1464255,1,180,0,,,0,蓝色,
粤BQ9L01,114.059883,22.524183,2016-10-31 23:59:59,1701365,21,166,0,,,1,蓝色,
粤B4HL72,114.097771,22.609383,2016-11-01 00:00:00,1372116,0,96,0,,,0,蓝色,
粤B868YZ,113.810997,22.6276,2016-11-01 00:00:00,1455789,0,0,0,,,0,蓝色,
粤BQ2P92,113.963852,22.546833,2016-10-31 23:59:55,1701336,0,0,0,,,1,蓝色,
粤B1HU23,114.23172,22.731882,2016-11-01 00:00:00,1374409,0,108,0,,,0,蓝色,
粤B4HY25,113.911636,22.579983,2016-10-31 23:59:54,1375716,94,139,0,,,1,蓝色,
粤B0P7B9,114.066299,22.6229,2016-10-31 23:59:57,1691848,20,256,0,,,0,蓝色,
粤B521YU,114.038101,22.556,2016-10-31 23:59:59,1453557,0,116,0,,,0,蓝色,
粤BJ84P3,114.073715,22.547583,2016-11-01 00:00:01,1511521,37,90,0,,,1,蓝色,
粤B4V6N6,114.462967,22.990883,2016-10-31 23:59:59,1571913,0,88,0,,,1,蓝色,
粤BN34C7,114.125801,22.548134,2016-11-01 00:00:00,1511220,0,181,0,,,1,蓝色,
粤B1U5D7,114.076134,22.54265,2016-11-01 00:00:01,1574951,0,0,0,,,0,蓝色,
粤BX3T02,114.082199,22.534901,2016-11-01 00:00:00,1354246,0,0,0,,,0,蓝色,
粤B2H6K2,113.914619,22.525284,2016-10-31 23:59:59,1699245,17,352,0,,,0,黄色,
粤B0B4C9,113.812401,22.623068,2016-10-31 23:59:59,1531340,5,120,0,,,0,黄色,
粤B9HM65黄,11.3961418,2.2561733,2016-10-31 23:59:59,1701466,45,159,0,,,0,黄色,
粤BW9L27,114.119217,22.539534,2016-11-01 00:00:01,1319296,0,315,1,,,1,蓝色,
粤BN1158,114.156967,22.608383,2016-11-01 00:00:00,1730846,0,246,0,,,0,黄色,
粤B470WY,114.200653,22.665449,2016-11-01 00:00:00,1449613,100,57,0,,,1,蓝色,
粤B0G8V7蓝,11.4120132,2.2546949,2016-10-31 23:59:59,1539911,54,78,0,,,1,蓝色,
粤BJ95P0,114.044785,22.510782,2016-11-01 00:00:00,1511552,0,270,0,,,0,蓝色,
粤B6L2E9,113.891899,22.5861,2016-10-31 23:58:49,1634349,0,0,0,,,0,蓝色,
粤B470WY,114.200653,22.665449,2016-11-01 00:00:01,1449613,100,57,0,,,1,蓝色,
粤B947YS,114.101814,22.626949,2016-11-01 00:00:01,1457714,0,315,0,,,0,蓝色,
粤B470WY,114.200653,22.665449,2016-11-01 00:00:02,1449613,100,57,0,,,1,蓝色,
粤BF9849,114.749191,22.970415,2016-10-31 23:59:59,1546011,0,64,0,,,0,黄色,
粤B470WY,114.200653,22.665449,2016-11-01 00:00:03,1449613,100,57,0,,,1,蓝色,
粤B741ZE,114.039101,22.6572,2016-10-31 23:59:59,1456720,1,0,0,,,0,蓝色,
粤B4R4S6,114.274216,22.733633,2016-11-01 00:00:01,1616839,0,0,0,,,0,蓝色,
粤BAS245,114.062515,22.671167,2016-11-01 00:00:00,1559036,0,190,0,,,0,黄色,
粤BB9080,114.049286,22.540001,2016-11-01 00:00:01,1463358,19,0,0,,,1,蓝色,
粤B0H6K3,113.913963,22.522249,2016-10-31 23:59:59,1699589,8,22,0,,,1,黄色,
粤B5ZU81,113.998169,22.529383,2016-10-31 23:59:54,1440542,80,45,0,,,1,蓝色,
粤BQ3916,113.944931,22.764368,2016-11-01 00:00:00,1546195,0,0,1,,,0,黄色,
粤BM8758,114.062531,22.67095,2016-11-01 00:00:33,1208541,0,59,0,,,0,黄色,
粤BDE402,114.116852,22.685484,2016-11-01 00:00:01,1706569,0,155,0,,,0,黄色,
粤B6CP41,114.02327,22.628117,2016-11-01 00:00:01,1347783,38,315,0,,,0,蓝色,
粤B7NH39,113.880501,22.5903,2016-10-31 23:59:38,1395305,8,0,0,,,0,蓝色,
粤B3H5K7,114.113197,22.584383,2016-11-01 00:00:00,1699273,52,322,0,,,1,黄色,
粤B442ZE,113.898804,22.673401,2016-11-01 00:00:01,1456696,40,256,0,,,0,蓝色,
粤BF5094,113.813652,22.624399,2016-11-01 00:00:01,1467542,0,0,0,,,0,蓝色,
粤B7U6R1,114.056519,22.5219,2016-10-31 23:59:54,1577759,23,2,0,,,0,蓝色,
粤B0U9R3,114.117599,22.5443,2016-10-31 23:58:48,1634346,18,0,0,,,0,蓝色,
粤B1B7C9,113.901833,22.717333,2016-10-31 23:59:59,1531704,0,182,0,,,0,蓝色,
粤B1HX70,114.018448,22.655634,2016-11-01 00:00:00,1374671,0,142,0,,,1,蓝色,
粤B1HU27,114.055817,22.570368,2016-10-31 23:59:55,1375694,19,178,0,,,0,蓝色,
粤BM4961,113.886871,22.545952,2016-10-31 23:59:57,1547186,0,0,1,,,0,黄色,
粤BA334S,114.158531,22.611334,2016-11-01 00:00:01,1514549,4,315,0,,,0,蓝色,
粤B9W0F1,114.118301,22.565201,2016-10-31 23:59:49,1647173,67,348,0,,,1,蓝色,
粤B9W6F7,114.156731,22.615482,2016-10-31 23:59:54,1647154,17,332,0,,,0,蓝色,
粤B4HP37,114.094498,22.564568,2016-11-01 00:00:01,1373973,36,225,0,,,1,蓝色,
粤B25641,114.063034,22.526182,2016-11-01 00:00:00,1516230,0,161,0,,,0,蓝色,
粤BN24F1,113.938469,22.525932,2016-11-01 00:00:01,1511564,51,270,0,,,0,蓝色,
粤BZ37J0,113.8918,22.560101,2016-10-31 23:58:48,1642680,11,0,0,,,0,蓝色,
粤BE7211,113.81353,22.619583,2016-11-01 00:00:01,1467518,16,315,0,,,0,蓝色,
粤BL2F41,114.065903,22.524883,2016-11-01 00:00:00,1230904,0,204,0,,,0,蓝色,
粤BP2928,112.560432,23.018044,2016-10-31 23:59:57,1553632,0,50,1,,,0,黄色,
粤B3WN47,114.087646,22.547268,2016-10-31 23:59:59,1449630,7,86,0,,,0,蓝色,
粤BW3P57,114.165497,22.605301,2016-11-01 00:00:01,1319220,0,45,0,,,0,蓝色,
粤B2L7K7黄,11.4061996,2.25695,2016-10-31 23:58:46,1646170,20,0,0,,,0,黄色,
粤B0G9V3蓝,11.396283,2.2543516,2016-10-31 23:59:59,1539942,0,112,0,,,1,蓝色,
粤BN74X9,114.07177,22.548,2016-10-31 23:59:59,1515757,35,98,0,,,0,蓝色,
粤B6P0T0,114.0252,22.531601,2016-11-01 00:00:00,1645547,37,256,0,,,0,蓝色,
粤BJ34G7,114.029114,22.617517,2016-11-01 00:00:00,1501513,0,0,0,,,0,蓝色,
粤BG4218,114.109421,22.541767,2016-10-31 23:59:46,1494435,0,0,1,,,1,蓝色,
粤B0WK62,113.892715,22.584883,2016-10-31 23:59:59,1426891,0,180,0,,,0,蓝色,
粤B3HL02,114.258598,22.7299,2016-10-31 23:59:58,1370262,0,256,0,,,0,蓝色,
粤B0B4C2,113.813316,22.624399,2016-10-31 23:59:59,1531336,0,16,0,,,0,黄色,
粤B3NS26,113.877281,22.581882,2016-11-01 00:00:00,1404203,80,138,0,,,1,蓝色,
粤B2CP13,114.042435,22.570284,2016-11-01 00:00:01,1346741,0,315,0,,,0,蓝色,
粤BN02E7,114.111115,22.586884,2016-11-01 00:00:01,1506488,47,150,0,,,0,蓝色,
粤B2SU73,114.1157,22.5907,2016-10-31 23:59:59,1410697,0,0,0,,,0,蓝色,
粤BP4763,111.233833,21.892483,2016-11-01 00:00:01,1289351,0,45,0,,,0,黄色,
粤BU5R41,113.812065,22.627716,2016-10-31 23:59:58,1314776,0,314,0,,,0,蓝色,
粤BK46K2,114.226196,22.557583,2016-11-01 00:00:00,1511212,37,72,0,,,1,蓝色,
粤B7WW12,114.304367,22.77585,2016-10-31 23:59:59,1433580,0,221,0,,,0,蓝色,
粤BB6891,114.054085,22.569834,2016-11-01 00:00:01,1463355,0,0,0,,,0,蓝色,
粤B991ZB,113.891602,22.5919,2016-11-01 00:00:01,1454764,0,0,0,,,0,蓝色,
粤B7WW12,114.304367,22.77585,2016-10-31 23:59:58,1433580,0,221,0,,,0,蓝色,
粤BV9W10,114.023247,22.608967,2016-11-01 00:00:01,1312680,42,225,0,,,0,蓝色,
粤B0P7B5,114.063202,22.524799,2016-10-31 23:58:48,1652146,26,0,0,,,0,蓝色,
粤B7WW12,114.304367,22.77585,2016-10-31 23:59:57,1433580,0,221,0,,,0,蓝色,
粤BM03M5,113.914803,22.527,2016-10-31 23:58:49,1507124,7,0,0,,,0,蓝色,
粤B7WW12,114.304367,22.77585,2016-10-31 23:59:56,1433580,0,221,0,,,0,蓝色,
粤B0MQ76,113.974602,22.692801,2016-11-01 00:00:00,1378399,28,0,0,,,0,蓝色,
粤B8V3V5,114.031754,22.60885,2016-11-01 00:00:00,1570586,0,134,0,,,0,蓝色,
粤BN7045,114.128494,22.597004,2016-10-31 23:59:02,1224705,0,0,0,,,0,黄色,
粤BQ5N93,114.08403,22.549467,2016-10-31 23:59:59,1701356,29,176,0,,,1,蓝色,
粤BN10W9,114.066231,22.519167,2016-10-31 23:59:59,1513880,32,83,0,,,1,蓝色,
粤B4WK26,114.024117,22.654016,2016-11-01 00:00:00,1426781,0,123,0,,,0,蓝色,
粤BX6460,114.085411,22.711121,2016-10-31 23:59:57,1585576,0,30,0,,,0,黄色,
粤B7KK65,113.889503,22.559183,2016-11-01 00:00:00,1376394,0,0,0,,,0,蓝色,
粤BK2170,114.944611,22.768562,2016-10-31 23:59:57,1549869,0,0,0,,,0,黄色,
粤BW2476,113.880417,22.594183,2016-11-01 00:00:02,1588763,0,123,0,,,0,黄色,
粤B2A7R0,114.091003,22.563801,2016-10-31 23:59:58,1655014,0,0,0,,,0,蓝色,
粤B183WY,114.099602,22.558701,2016-11-01 00:00:00,1721723,0,267,0,,,1,黄色,
粤B3NC31,114.046501,22.530399,2016-10-31 23:58:48,1388583,0,0,0,,,0,蓝色,
粤B2D7X3,114.058746,22.57115,2016-11-01 00:00:00,1573750,1,268,0,,,0,蓝色,
粤BZ4W41,114.030403,22.5273,2016-10-31 23:59:59,1343493,53,124,0,,,1,蓝色,
粤B0H2G5,113.813797,22.619101,2016-10-31 23:59:56,1664390,19,256,0,,,0,蓝色,
粤BW4P46,114.076897,22.531799,2016-10-31 23:59:59,1319334,55,68,0,,,1,蓝色,
粤B0X7A1,113.824097,22.652,2016-10-31 23:59:57,1653317,39,0,0,,,0,蓝色,
粤B2NC77,114.024986,22.615917,2016-11-01 00:00:00,1471303,63,58,0,,,0,蓝色,
粤BN13W6,114.114616,22.58185,2016-11-01 00:00:00,1513885,66,345,0,,,1,蓝色,
粤B2NC25,114.104179,22.554466,2016-11-01 00:00:00,1471321,35,179,0,,,0,蓝色,
粤BQ5026,114.102219,22.594566,2016-11-01 00:00:00,1730848,0,0,0,,,0,黄色,
粤BV0W47,114.076263,22.546667,2016-10-31 23:59:56,1319212,0,319,0,,,1,蓝色,
粤BZ8Z96,114.0867,22.5394,2016-10-31 23:58:49,1345351,2,0,0,,,0,蓝色,
粤B0A2R1黄,11.4140701,2.2607,2016-10-31 23:59:58,1654989,19,0,0,,,0,黄色,
粤BV4W17,114.010017,22.59115,2016-11-01 00:00:00,1319332,98,186,0,,,1,蓝色,
粤B7MN72,113.879601,22.582199,2016-10-31 23:37:09,1378492,0,0,0,,,0,蓝色,
粤BC1670,114.028015,22.618692,2016-10-31 23:59:57,1546498,0,0,0,,,0,黄色,
粤BU6K30,114.02375,22.604467,2016-10-31 23:59:25,1298040,71,140,0,,,0,蓝色,
粤BW3762,113.924408,22.491619,2016-10-31 23:59:02,1459316,0,0,0,,,0,黄色,
粤B5NC09,113.998947,22.5453,2016-10-31 23:59:59,1471311,94,102,0,,,1,蓝色,
粤B2K4S7,114.084251,22.549183,2016-11-01 00:00:01,1604843,19,225,0,,,1,蓝色,
粤B4G6G7,114.1138,22.534517,2016-10-31 23:59:59,1556365,5,256,0,,,0,蓝色,
粤BP14E5,114.032997,22.55695,2016-11-01 00:00:00,1517266,31,134,0,,,0,蓝色,
粤B6W4F0,113.876663,22.587,2016-10-31 23:59:54,1647167,0,196,0,,,0,蓝色,
粤B3E33A,114.067764,22.541668,2016-10-31 23:59:44,1705043,75,340,0,,,0,黄色,
粤SZG347,113.856201,23.121349,2016-11-01 00:00:01,1311390,0,0,0,,,0,,
粤B0P8M1,114.050453,22.56645,2016-10-31 23:59:55,1647140,0,258,0,,,0,蓝色,
粤SW695A,113.77243,23.040449,2016-11-01 00:00:01,1539213,0,0,0,,,1,,
粤BW5213,113.274986,22.9505,2016-11-01 00:00:02,1463081,0,1,0,,,0,黄色,
粤B8U2R1,113.8134,22.623699,2016-10-31 23:59:54,1577788,0,18,0,,,0,蓝色,
粤SW531C,113.717514,23.011084,2016-11-01 00:00:01,1539266,0,0,0,,,0,,
粤B231ZD,113.813698,22.6092,2016-10-31 23:58:48,1461161,0,0,0,,,0,蓝色,
粤SW581Q,113.845802,22.908516,2016-11-01 00:00:01,1540688,20,86,0,,,0,,
粤BCX051,114.140335,22.5483,2016-11-01 00:00:00,1489127,0,0,1,,,0,蓝色,
粤B0H7G3,113.964897,22.556801,2016-10-31 23:59:59,1664298,29,0,0,,,0,蓝色,
粤B9W5F5,114.016335,22.5324,2016-10-31 23:59:55,1647149,36,264,0,,,0,蓝色,
粤SU331L,113.723099,23.037849,2016-11-01 00:00:01,1533431,0,0,0,,,0,,
粤BP04G5,113.971901,22.530149,2016-10-31 23:59:52,1517565,74,111,0,,,1,蓝色,
粤SJ659X,113.718018,22.982716,2016-11-01 00:00:01,1458774,25,156,0,,,1,,
粤B0P9M7,113.944717,22.5872,2016-10-31 23:59:46,1647171,35,78,0,,,1,蓝色,
粤BF9449,114.107933,22.596933,2016-11-01 00:00:01,1698996,0,228,0,,,0,黄色,
粤BG1763,113.858116,22.585833,2016-11-01 00:00:02,1136980,0,134,0,,,0,黄色,
粤SN674L,113.7071,23.034834,2016-11-01 00:00:01,1495256,0,0,0,,,0,,
粤B1A5R0黄,11.4167297,2.25632,2016-10-31 23:59:58,1655028,0,0,0,,,0,黄色,
粤B0P6M0,114.118019,22.5662,2016-10-31 23:59:43,1647146,52,172,0,,,0,蓝色,
粤SV824G,113.742165,23.034033,2016-11-01 00:00:01,1539136,27,200,0,,,0,,
粤B2NP26,113.893303,22.5781,2016-11-01 00:00:00,1398973,5,256,0,,,0,蓝色,
粤SX853P,113.742897,22.992199,2016-11-01 00:00:01,1550852,0,0,0,,,0,,
粤B2NC42,113.807747,22.626734,2016-11-01 00:00:01,1438684,0,0,1,,,1,蓝色,
粤BAD316,116.75425,23.467133,2016-10-31 23:59:02,1564115,0,0,0,,,0,黄色,
粤SW363D,113.645485,22.932165,2016-11-01 00:00:01,1542406,0,0,0,,,0,,
粤BM5012,114.012589,22.625456,2016-10-31 23:59:58,1547202,0,0,0,,,0,黄色,
粤BU04W1,114.028648,22.556566,2016-11-01 00:00:00,1524486,32,256,0,,,0,蓝色,
粤B479ZC,114.112396,22.6119,2016-10-31 23:59:59,1455712,3,0,0,,,0,蓝色,
粤BS74T5,114.066284,22.51915,2016-11-01 00:00:00,1527939,29,80,0,,,1,蓝色,
粤SV156H,113.801598,23.060551,2016-11-01 00:00:01,1539126,21,60,0,,,0,,
粤B2BV90,114.134598,22.5651,2016-11-01 00:00:01,1342597,2,180,0,,,1,蓝色,
粤B0HU40,113.880051,22.567682,2016-11-01 00:00:00,1375655,83,135,0,,,1,蓝色,
粤B6L5E0,114.019402,22.5924,2016-10-31 23:58:49,1586185,24,0,0,,,0,蓝色,
粤SX515T,113.790398,23.072666,2016-11-01 00:00:01,1550896,0,0,0,,,0,,
粤SW673A,113.757431,22.781982,2016-11-01 00:00:01,1539323,3,0,0,,,0,,
粤BU6K30,114.024147,22.603983,2016-10-31 23:59:40,1298040,0,128,0,,,0,蓝色,
粤BBM729,114.021179,22.612467,2016-11-01 00:00:01,1599988,0,260,0,,,0,黄色,
粤SN644L,113.752853,22.994984,2016-11-01 00:00:01,1495018,15,108,1,,,1,,
粤B041YZ,114.031799,22.636,2016-10-31 23:59:46,1455659,33,0,0,,,0,蓝色,
粤BJ44K5,114.027382,22.613199,2016-11-01 00:00:01,1560398,0,0,1,,,0,蓝色,
粤B7P2R7,114.058502,22.571501,2016-11-01 00:00:00,1655086,0,0,0,,,0,蓝色,
粤SYR417,113.773849,23.023899,2016-11-01 00:00:01,1294240,15,312,0,,,1,,
粤B1MP42,114.015503,22.665882,2016-10-31 23:59:59,1384767,0,297,0,,,0,蓝色,
粤SYL311,113.730263,23.059116,2016-11-01 00:00:01,1298223,0,0,0,,,0,,
粤B047ZB,114.016998,22.6723,2016-10-31 23:59:59,1455062,0,0,0,,,0,蓝色,
粤BH6G04,113.876297,22.7787,2016-10-31 23:58:48,1387892,0,0,0,,,0,蓝色,
粤SG640H,113.751366,23.037849,2016-11-01 00:00:01,1429459,41,298,0,,,0,,
粤B7V6V3,114.023964,22.624849,2016-10-31 23:59:58,1570509,0,50,0,,,0,蓝色,
粤B7ND66,113.886154,22.588017,2016-11-01 00:00:00,1392295,35,250,0,,,0,蓝色,
粤B8WK20,114.231483,22.648899,2016-11-01 00:00:00,1428004,0,0,0,,,0,蓝色,
粤SW864G,113.71003,23.031334,2016-11-01 00:00:01,1544074,0,0,0,,,0,,
粤SU914W,113.765053,23.04985,2016-11-01 00:00:01,1533647,0,0,0,,,0,,
粤B8WK20,114.231483,22.648899,2016-11-01 00:00:01,1428004,0,0,0,,,0,蓝色,
粤B8WK20,114.231483,22.648899,2016-11-01 00:00:02,1428004,0,0,0,,,0,蓝色,
粤SV429H,113.818481,22.804298,2016-11-01 00:00:01,1539001,0,0,0,,,0,,
粤B8WK20,114.231483,22.648899,2016-11-01 00:00:03,1428004,0,0,0,,,0,蓝色,
粤B4HD59,114.061058,22.577154,2016-11-01 00:00:00,1370398,38,60,0,,,1,蓝色,
粤SU273L,113.813232,22.810966,2016-11-01 00:00:01,1533280,0,0,0,,,0,,
粤BN04Z3,114.058586,22.525932,2016-11-01 00:00:00,1604153,44,265,0,,,0,蓝色,
粤SX869E,113.788269,23.042366,2016-11-01 00:00:02,1550893,0,0,0,,,1,,
粤BR24W7,113.962036,22.557751,2016-11-01 00:00:00,1531615,38,6,0,,,1,蓝色,
粤B0CS75,114.098915,22.559967,2016-11-01 00:00:01,1347856,0,45,1,,,0,蓝色,
粤SW538H,113.79393,22.806284,2016-11-01 00:00:01,1556132,15,90,0,,,0,,
粤BZ04J1,114.0951,22.543699,2016-10-31 23:58:48,1642676,12,256,0,,,0,蓝色,
粤B2WK83,113.858551,22.636566,2016-10-31 23:59:59,1426934,0,231,0,,,0,蓝色,
粤SJ910L,113.743286,22.979183,2016-11-01 00:00:02,1449458,29,0,0,,,0,,
粤BQ4P88,114.113647,22.55085,2016-10-31 23:59:59,1701324,31,184,0,,,0,蓝色,
粤BS3423,114.029633,22.6413,2016-11-01 00:00:01,1545984,0,157,1,,,0,黄色,
粤B5P3N6,114.113998,22.573999,2016-10-31 23:59:59,1647454,14,0,0,,,0,蓝色,
粤B7HY47,113.912766,22.48505,2016-11-01 00:00:00,1375732,22,224,0,,,0,蓝色,
粤B977YZ,114.229897,22.701099,2016-11-01 00:00:01,1455881,35,0,0,,,0,蓝色,
粤B4P3B6,113.903603,22.558201,2016-10-31 23:58:47,1654731,7,0,0,,,0,蓝色,
粤BP56A7,114.12413,22.554417,2016-11-01 00:00:01,1604174,1,350,0,,,0,蓝色,
粤BS0890,114.129463,22.544458,2016-10-31 23:59:58,1553533,0,117,0,,,0,黄色,
粤B3MK67,114.11113,22.60865,2016-10-31 23:59:53,1376481,54,327,0,,,0,蓝色,
粤B1X1U9,113.959396,22.5432,2016-11-01 00:00:00,1661987,0,0,0,,,0,蓝色,
粤BH4Q54,114.169701,22.6022,2016-10-31 23:58:48,1387822,0,0,0,,,0,蓝色,
粤B4WK28,114.01712,22.665117,2016-10-31 23:59:59,1426748,31,146,0,,,0,蓝色,
粤BBF228,113.887199,22.546301,2016-10-31 23:59:43,1585578,0,270,1,,,0,黄色,
粤BP14A7,114.007515,22.55755,2016-10-31 23:59:59,1515946,76,244,0,,,1,蓝色,
粤B8WJ17,114.042786,22.602133,2016-10-31 23:59:59,1426861,32,146,0,,,1,蓝色,
粤BU03T3,114.112503,22.607849,2016-10-31 23:59:59,1527959,22,3,0,,,0,蓝色,
粤BW64Y0,114.146896,22.5947,2016-10-31 23:58:49,1642324,0,0,0,,,0,蓝色,
粤BT54P2,114.049416,22.537283,2016-11-01 00:00:00,1520497,43,92,0,,,1,蓝色,
粤BT9129,114.524963,22.471001,2016-10-31 23:59:58,1730888,0,1,0,,,0,黄色,
粤B2SR12,114.054649,22.525734,2016-11-01 00:00:00,1409726,0,92,0,,,0,蓝色,
粤B3NP56,114.029404,22.663099,2016-11-01 00:00:00,1400955,27,0,0,,,0,蓝色,
粤B8U8R2,113.813454,22.62385,2016-11-01 00:00:01,1577745,0,0,0,,,0,蓝色,
粤BR1726,114.130966,22.637585,2016-10-31 23:59:58,1553504,0,60,0,,,0,黄色,
粤B3V2N0,114.218399,22.663834,2016-11-01 00:00:00,1571837,34,92,0,,,0,蓝色,
粤SV291H,113.753647,22.979248,2016-11-01 00:00:01,1538982,22,214,0,,,0,,
粤B6WV47,113.839996,22.7707,2016-10-31 23:58:49,1595086,0,0,0,,,0,蓝色,
粤SJ445L,113.774933,23.022917,2016-11-01 00:00:01,1449309,0,0,0,,,0,,
粤B3V2N0,114.218399,22.663834,2016-11-01 00:00:01,1571837,34,92,0,,,0,蓝色,
粤B3V2N0,114.218399,22.663834,2016-11-01 00:00:02,1571837,34,92,0,,,0,蓝色,
粤SYL351,113.863647,22.968683,2016-11-01 00:00:01,1298267,78,108,0,,,0,,
粤B3V2N0,114.218399,22.663834,2016-11-01 00:00:03,1571837,34,92,0,,,0,蓝色,
粤SV477H,113.765579,23.036034,2016-11-01 00:00:02,1539150,0,0,0,,,0,,
粤B0HL21,113.887604,22.5567,2016-10-31 23:57:46,1370115,0,256,0,,,0,蓝色,
粤SX836X,113.994667,22.971548,2016-11-01 00:00:01,1552289,0,0,0,,,0,,
粤B1H9K2,114.118919,22.554216,2016-10-31 23:59:59,1699260,16,196,0,,,0,黄色,
粤BBF137,114.021553,22.627541,2016-10-31 23:59:58,1585584,0,0,0,,,0,黄色,
粤SJ600X,113.69397,23.027582,2016-11-01 00:00:01,1458762,0,0,0,,,0,,
粤B2BR47,113.983864,22.5233,2016-10-31 23:59:55,1343508,77,259,0,,,1,蓝色,
粤B3A2S3,113.893997,22.5653,2016-10-31 23:58:47,1656783,0,0,0,,,0,蓝色,
粤B9W7X3,113.862419,22.604,2016-10-31 23:59:59,1699940,0,4,0,,,0,黄色,
粤SF714Q,113.739502,23.008734,2016-11-01 00:00:01,1509205,40,14,0,,,1,,
粤BW42Z3,113.918503,22.603901,2016-10-31 23:58:50,1649166,47,0,0,,,0,蓝色,
粤B1NC59,114.050453,22.515301,2016-11-01 00:00:00,1471299,40,178,0,,,0,蓝色,
粤SV827S,113.898979,23.093349,2016-11-01 00:00:02,1537631,62,292,0,,,0,,
粤B0H3K3,113.897781,22.751417,2016-10-31 23:59:59,1699272,0,162,0,,,0,黄色,
粤BP5661,114.127823,22.59716,2016-10-31 23:59:02,1227654,0,0,0,,,0,黄色,
粤SL184B,113.889847,23.064533,2016-11-01 00:00:01,1464205,0,0,0,,,0,,
粤B5L7E7,114.069321,22.531366,2016-10-31 23:59:51,1586427,42,90,0,,,1,蓝色,
粤BEM073,114.13945,22.553801,2016-11-01 00:00:00,1489455,0,0,0,,,1,蓝色,
粤BC4732,113.896866,22.481882,2016-10-31 23:59:58,1546529,0,129,0,,,0,黄色,
粤SH064P,113.74202,23.018066,2016-11-01 00:00:01,1450365,0,0,0,,,1,,
粤B4V7Q0,114.121933,22.64395,2016-10-31 23:59:59,1570579,0,246,0,,,1,蓝色,
粤BN04W5,114.061203,22.521267,2016-10-31 23:59:55,1513908,0,228,0,,,1,蓝色,
粤B4HQ19,113.809799,22.6269,2016-11-01 00:00:00,1370879,0,0,0,,,0,蓝色,
粤SW324E,113.829231,22.849001,2016-11-01 00:00:02,1540643,49,208,0,,,0,,
粤B6C7R3,114.066231,22.5242,2016-11-01 00:00:00,1699979,17,104,0,,,0,黄色,
粤B735YU,114.023399,22.658899,2016-10-31 23:59:59,1454695,0,0,0,,,0,蓝色,
粤B4HL40,114.024597,22.672199,2016-11-01 00:00:01,1370141,0,0,0,,,0,蓝色,
粤BG1P63,114.045235,22.522367,2016-11-01 00:00:17,1217312,0,0,1,,,0,蓝色,
粤BAS365,114.064781,22.652416,2016-11-01 00:01:09,1559040,0,118,0,,,0,黄色,
粤BBF181,114.034279,22.659508,2016-10-31 23:59:58,1585566,0,216,0,,,0,黄色,
粤B0A2R1黄,11.4140701,2.2607,2016-10-31 23:59:58,1654989,19,0,0,,,0,黄色,
粤B7ZY16,114.111382,22.541849,2016-11-01 00:00:00,1446942,0,79,0,,,0,蓝色,
粤B047ZB,114.016998,22.6723,2016-10-31 23:59:59,1455062,0,0,0,,,0,蓝色,
粤BM2528,114.157303,22.608267,2016-11-01 00:00:01,1734293,0,0,0,,,0,黄色,
粤BW9Z47,114.128998,22.560049,2016-11-01 00:00:00,1343540,32,300,0,,,0,蓝色,
粤BX1283,113.906517,22.515699,2016-10-31 23:59:02,1483840,0,0,0,,,0,黄色,
粤B4ZY96,113.994133,22.525551,2016-10-31 23:59:59,1446939,29,185,0,,,1,蓝色,
粤BN34C7,114.125801,22.548134,2016-11-01 00:00:00,1511220,0,181,0,,,1,蓝色,
粤BP5179,114.359032,23.0324,2016-11-01 00:00:02,1230703,0,296,0,,,0,黄色,
粤B5P3N6,114.113998,22.573999,2016-10-31 23:59:59,1647454,14,0,0,,,0,蓝色,
粤B1E65A,114.116417,22.540951,2016-10-31 23:59:56,1705028,3,352,0,,,1,黄色,
粤B8W6F7,113.934685,22.621401,2016-10-31 23:59:55,1647181,64,180,0,,,0,蓝色,
粤BDJ681,114.068199,22.535183,2016-11-01 00:00:00,1489438,72,356,0,,,1,蓝色,
粤BV9379,114.267281,22.848551,2016-11-01 00:00:01,1448419,0,315,0,,,0,黄色,
粤BH1883,114.323448,22.7673,2016-11-01 00:00:23,1140927,0,355,0,,,0,黄色,
粤BZ94J5,114.119499,22.555099,2016-10-31 23:58:46,1642322,27,0,0,,,0,蓝色,
粤SU397L,113.772285,23.066351,2016-11-01 00:00:02,1533392,52,92,0,,,0,,
粤B486YU,113.919632,22.535418,2016-11-01 00:00:00,1453598,12,90,0,,,1,蓝色,
粤SW691H,113.912163,22.912466,2016-11-01 00:00:00,1542465,0,0,0,,,0,,
粤BW4D75,114.115799,22.542982,2016-10-31 23:59:59,1316415,18,272,0,,,0,蓝色,
粤B5H095,114.074303,22.5394,2016-10-31 23:58:41,1479015,0,256,0,,,0,蓝色,
粤BP04G3,114.170448,22.563133,2016-11-01 00:00:00,1516828,24,273,0,,,0,蓝色,
粤BV2573,114.016785,22.671541,2016-10-31 23:59:58,1563764,0,0,0,,,0,黄色,
粤SU497W,113.747704,23.034216,2016-11-01 00:00:02,1533568,0,0,0,,,0,,
粤B4WK76,114.035133,22.654984,2016-11-01 00:00:00,1426840,21,127,0,,,0,蓝色,
粤B512YU,114.056503,22.518867,2016-11-01 00:00:00,1453535,65,71,0,,,1,蓝色,
粤SYL817,113.955048,23.068167,2016-11-01 00:00:01,1293560,0,0,0,,,0,,
粤B9HL02,113.812302,22.6231,2016-10-31 23:52:27,1370167,0,0,0,,,0,蓝色,
粤B4P9T9黄,11.4132202,2.2576799,2016-11-01 00:00:00,1645527,10,0,0,,,0,黄色,
粤BE6209,114.027283,22.61887,2016-10-31 23:59:58,1546557,0,0,0,,,0,黄色,
粤SYL319,113.792648,23.033001,2016-10-31 23:59:44,1298135,34,12,0,,,1,,
粤B1BA20,114.134499,22.580799,2016-10-31 23:58:49,1353916,0,0,0,,,0,蓝色,
粤SYL359,113.714653,22.986015,2016-11-01 00:00:01,1298218,0,0,0,,,0,,
粤B3WT55,114.016953,22.723932,2016-11-01 00:00:00,1433542,0,283,0,,,0,蓝色,
粤B4Q4C1,113.8535,22.615299,2016-11-01 00:00:01,1554625,39,256,0,,,0,蓝色,
粤BS14T7,114.101685,22.559349,2016-11-01 00:00:00,1524418,44,357,0,,,0,蓝色,
粤SL604Y,113.772285,23.039816,2016-11-01 00:00:02,1471240,0,0,0,,,0,,
粤SW962Y,114.156517,22.845449,2016-11-01 00:00:01,1543465,0,0,0,,,0,,
粤B0K5P3,113.89547,22.558701,2016-11-01 00:00:00,1585090,20,129,0,,,0,蓝色,
粤BW4C35,114.134933,22.543516,2016-11-01 00:00:00,1316448,0,163,0,,,0,蓝色,
粤BU6V95,114.010834,22.570732,2016-11-01 00:00:00,1345410,0,327,1,,,1,蓝色,
粤BR40W3,114.062668,22.547632,2016-10-31 23:59:59,1520955,0,179,0,,,0,蓝色,
粤B8KK13,113.918335,22.553568,2016-11-01 00:00:01,1376090,5,157,0,,,0,蓝色,
粤SV745N,113.714714,23.034433,2016-11-01 00:00:00,1537569,20,86,0,,,0,,
粤BJ47G1,114.008934,22.676767,2016-11-01 00:00:00,1501445,0,255,0,,,0,蓝色,
粤BH54H9,114.029816,22.618517,2016-10-31 23:59:53,1501427,42,337,0,,,0,蓝色,
粤BJ74G0,114.025917,22.6605,2016-10-31 23:59:58,1501430,0,72,0,,,0,蓝色,
粤BQ6E47,113.914497,22.528767,2016-11-01 00:00:00,1701283,0,173,0,,,0,黄色,
粤BN08W7,113.822617,22.6604,2016-11-01 00:00:00,1513891,83,10,0,,,1,蓝色,
粤B2WW03,114.28083,22.722851,2016-11-01 00:00:00,1433648,0,212,0,,,0,蓝色,
粤BK5913,114.283096,22.759001,2016-10-31 23:59:02,1205974,0,0,0,,,0,黄色,
粤B5WK22,113.950783,22.689167,2016-11-01 00:00:00,1426798,2,68,0,,,0,蓝色,
粤B1X1U9,113.959396,22.5432,2016-11-01 00:00:00,1661987,0,0,0,,,0,蓝色,
粤B5WK22,113.950783,22.689167,2016-11-01 00:00:01,1426798,2,68,0,,,0,蓝色,
粤B5WK22,113.950783,22.689167,2016-11-01 00:00:02,1426798,2,68,0,,,0,蓝色,
粤B295VX,113.811096,22.627899,2016-10-31 23:52:47,1700266,6,0,0,,,0,蓝色,
粤B1Y7Y9,113.8134,22.625099,2016-10-31 23:58:48,1614038,0,256,0,,,0,蓝色,
粤B5WK22,113.950783,22.689167,2016-11-01 00:00:03,1426798,2,68,0,,,0,蓝色,
粤B7V9V2,114.067802,22.557667,2016-11-01 00:00:00,1570589,17,0,0,,,1,蓝色,
粤BW8153,114.041962,22.644669,2016-10-31 23:59:58,1599707,0,69,0,,,0,黄色,
粤BL4F75,114.013351,22.530367,2016-11-01 00:00:00,1230893,43,77,0,,,1,蓝色,
粤BJ47K9,114.24778,22.7363,2016-11-01 00:00:00,1502445,0,87,0,,,0,蓝色,
粤BM5055,114.069366,22.687035,2016-10-31 23:59:58,1554148,0,168,0,,,0,黄色,
粤SM312T,113.749535,22.793865,2016-11-01 00:00:02,1480411,38,10,0,,,0,,
粤BC2535,114.15873,22.624033,2016-11-01 00:00:02,1080822,0,226,0,,,0,黄色,
粤SZ144K,114.062599,22.9062,2016-11-01 00:00:02,1556687,12,36,0,,,0,,
粤B735YU,114.023399,22.658899,2016-10-31 23:59:59,1454695,0,0,0,,,0,蓝色,
粤BR46W1,114.102386,22.594168,2016-11-01 00:00:00,1525575,0,280,0,,,0,蓝色,
粤B5WT09,113.993782,22.67205,2016-11-01 00:00:00,1433606,0,0,0,,,0,蓝色,
粤B3HL11,114.052803,22.636801,2016-11-01 00:00:01,1370198,25,256,0,,,0,蓝色,
粤SW719A,113.773918,23.0499,2016-11-01 00:00:02,1539326,26,58,0,,,1,,
粤BV0P77,114.112465,22.566999,2016-10-31 23:59:51,1314789,32,185,0,,,1,蓝色,
粤B3T6C1,114.0532,22.570601,2016-10-31 23:58:50,1608695,0,256,0,,,0,蓝色,
粤SW590R,113.781113,22.802567,2016-11-01 00:00:00,1540733,17,262,0,,,0,,
粤SW580B,113.740364,23.011465,2016-11-01 00:00:02,1539267,0,0,0,,,1,,
粤B641WZ,114.202202,22.64905,2016-11-01 00:00:01,1449627,12,308,0,,,0,蓝色,
粤B5BA45,114.039001,22.565201,2016-10-31 23:58:49,1353882,35,0,0,,,0,蓝色,
粤SJ635X,113.638817,23.090616,2016-11-01 00:00:02,1458739,44,64,0,,,0,,
粤B641WZ,114.202202,22.64905,2016-11-01 00:00:02,1449627,12,308,0,,,0,蓝色,
粤BQ3827,113.337814,23.171484,2016-10-31 23:59:59,1569556,0,0,1,,,0,黄色,
粤B641WZ,114.202202,22.64905,2016-11-01 00:00:03,1449627,12,308,0,,,0,蓝色,
粤SW631R,113.759117,23.041983,2016-11-01 00:00:02,1540728,0,0,0,,,0,,
粤B4H0G7,114.097298,22.5434,2016-10-31 23:59:29,1664345,30,0,0,,,0,蓝色,
粤B641WZ,114.202202,22.64905,2016-11-01 00:00:04,1449627,12,308,0,,,0,蓝色,
粤B4P9T9黄,11.4132202,2.2576799,2016-11-01 00:00:00,1645527,10,0,0,,,0,黄色,
粤SYL323,113.788696,23.0352,2016-11-01 00:00:01,1298163,0,0,0,,,0,,
粤B5WT29,114.013313,22.668383,2016-11-01 00:00:00,1433553,0,308,0,,,0,蓝色,
粤SYC327,113.864349,23.078501,2016-11-01 00:00:01,1301209,0,0,0,,,1,,
粤B142WY,114.116798,22.576799,2016-11-01 00:00:01,1449643,47,334,0,,,1,蓝色,
粤SYK247,113.821449,23.060966,2016-11-01 00:00:01,1294243,23,270,0,,,0,,
粤BN7618,113.828316,22.663868,2016-11-01 00:00:01,1731101,0,0,0,,,0,黄色,
粤SU213L,113.84977,23.111851,2016-11-01 00:00:02,1533267,9,280,0,,,0,,
粤BU6K30,114.024147,22.603983,2016-10-31 23:59:55,1298040,0,128,0,,,0,蓝色,
粤SV421N,113.818535,22.804016,2016-11-01 00:00:01,1537623,66,318,0,,,0,,
粤BP7826,114.062103,22.670799,2016-11-01 00:00:01,1235379,0,88,0,,,0,黄色,
粤B2HY45,114.137421,22.569218,2016-10-31 23:59:59,1375724,49,194,0,,,0,蓝色,
粤SYL293,113.873245,22.99025,2016-11-01 00:00:01,1298102,0,0,0,,,0,,
粤BH5086,114.067368,22.523533,2016-10-31 23:59:02,1272429,21,0,0,,,0,黄色,
粤B7WK78,114.284317,22.73535,2016-11-01 00:00:00,1426736,0,248,0,,,0,蓝色,
粤BP6605,113.932083,22.61245,2016-11-01 00:00:01,1731151,0,197,0,,,0,黄色,
粤B6SR33,114.124969,22.5704,2016-11-01 00:00:00,1409743,0,162,0,,,1,蓝色,
粤B3HU07,114.03743,22.66835,2016-11-01 00:00:00,1374554,0,218,0,,,0,蓝色,
粤B1X8U0,113.9757,22.552799,2016-11-01 00:00:00,1662044,34,256,0,,,0,蓝色,
粤BM0632,114.265518,22.728468,2016-11-01 00:00:01,1556109,0,358,0,,,0,黄色,
粤SYE401,113.795113,23.023849,2016-11-01 00:00:01,1301199,0,0,0,,,0,,
粤SYC143,113.773949,23.06645,2016-11-01 00:00:01,1301229,0,0,0,,,0,,
粤BN04W5,114.061203,22.521267,2016-10-31 23:59:55,1513908,0,228,0,,,1,蓝色,
粤B3V5N0,114.130447,22.608932,2016-11-01 00:00:00,1571834,0,7,1,,,0,蓝色,
粤SYL238,113.78125,22.812851,2016-11-01 00:00:01,1298222,0,0,0,,,0,,
粤BP04G3,114.170448,22.563133,2016-11-01 00:00:00,1516828,24,273,0,,,0,蓝色,
粤SW874Z,114.156464,22.845266,2016-11-01 00:00:01,1543474,0,0,0,,,0,,
粤BT64N7,114.078484,22.533882,2016-11-01 00:00:00,1520485,72,26,0,,,1,蓝色,
粤BM9510,113.938332,22.598696,2016-10-31 23:59:02,1210350,0,0,0,,,0,黄色,
粤SW728H,113.622147,23.091101,2016-11-01 00:00:02,1551104,0,0,0,,,0,,
粤SW526H,113.752213,23.013533,2016-11-01 00:00:02,1542430,0,0,0,,,0,,
粤BU6V95,114.010834,22.570732,2016-11-01 00:00:00,1345410,0,327,1,,,1,蓝色,
粤BK4855,114.228897,22.7362,2016-11-01 00:00:00,1238120,0,110,0,,,0,黄色,
粤SW870E,113.816765,22.997,2016-11-01 00:00:02,1543562,0,0,1,,,1,,
粤BU01W7,113.919884,22.510332,2016-11-01 00:00:00,1524494,36,205,0,,,1,蓝色,
粤SL784B,113.871368,23.072783,2016-11-01 00:00:02,1464236,0,0,0,,,0,,
粤BN08W7,113.822617,22.6604,2016-11-01 00:00:00,1513891,83,10,0,,,1,蓝色,
粤B2WK01,113.862236,22.58075,2016-11-01 00:00:00,1428763,1,255,0,,,0,蓝色,
粤SX808X,113.961281,22.961582,2016-11-01 00:00:02,1547727,45,0,0,,,0,,
粤BW8C67,113.90992,22.525883,2016-11-01 00:00:00,1316421,0,268,0,,,1,蓝色,
粤B0L4J7,114.055,22.625099,2016-10-31 23:58:49,1646093,8,0,0,,,0,蓝色,
粤BN14E7,113.955582,22.523149,2016-11-01 00:00:01,1506502,83,96,0,,,1,蓝色,
粤B5WV39,113.983299,22.5879,2016-10-31 23:58:48,1595104,18,256,0,,,0,蓝色,
粤BM5010,113.771179,22.734806,2016-10-31 23:59:57,1546549,0,0,0,,,0,黄色,
粤B1P2D0,114.078499,22.5338,2016-10-31 23:58:43,1653156,34,0,0,,,0,蓝色,
粤BAP267,113.931427,22.561939,2016-11-01 00:00:01,1691365,0,177,0,,,0,黄色,
粤BM3482,113.770706,22.732735,2016-10-31 23:59:58,1550648,0,0,0,,,0,黄色,
粤B1HQ81,113.883202,22.5585,2016-10-31 23:59:59,1370834,0,0,0,,,0,蓝色,
粤BN03Z2,113.924301,22.527218,2016-10-31 23:59:59,1516205,93,174,0,,,1,蓝色,
粤SYA935,113.739449,22.994717,2016-11-01 00:00:01,1282258,0,0,0,,,0,,
粤B6AE47,114.105904,22.6164,2016-10-31 23:58:49,1353843,0,0,0,,,0,蓝色,
粤SYH540,113.752449,23.024715,2016-11-01 00:00:01,1509095,40,254,0,,,1,,
粤SYL337,113.987663,22.920099,2016-11-01 00:00:01,1298108,50,306,0,,,0,,
粤BS7283,114.305382,22.708561,2016-11-01 00:00:01,1545981,0,105,0,,,0,黄色,
粤B4L7K7,113.934402,22.517799,2016-10-31 23:58:49,1648324,35,0,0,,,0,蓝色,
粤SH544P,113.766747,22.798349,2016-11-01 00:00:02,1450444,48,74,0,,,0,,
粤BG0683,114.066818,22.774212,2016-10-31 23:59:55,1552766,0,85,1,,,0,黄色,
粤SV890H,113.786682,23.05945,2016-11-01 00:00:02,1538978,22,156,0,,,0,,
粤B4NK60,113.813499,22.6245,2016-11-01 00:00:00,1395289,0,0,0,,,0,蓝色,
粤SL773X,113.701233,23.041883,2016-11-01 00:00:01,1472445,46,240,0,,,0,,
粤SN770L,114.094719,22.820116,2016-11-01 00:00:02,1495227,12,336,0,,,0,,
粤B180YW,113.878799,22.5896,2016-10-31 23:59:59,1454767,0,0,0,,,0,蓝色,
粤SW749Y,114.11248,22.812065,2016-11-01 00:00:01,1543473,0,0,0,,,0,,
粤B2NP29,113.862503,22.5809,2016-11-01 00:00:00,1398972,0,0,0,,,0,蓝色,
粤SW785A,113.780769,23.0275,2016-11-01 00:00:02,1539318,47,112,0,,,0,,
粤BR47Z1,114.060852,22.571133,2016-11-01 00:00:00,1523895,44,267,0,,,0,蓝色,
粤B6P1N0,114.038696,22.549299,2016-11-01 00:00:00,1647396,27,0,0,,,0,蓝色,
粤B3V7P0,114.013901,22.6521,2016-10-31 23:58:48,1570145,16,0,0,,,0,蓝色,
粤BL1761,113.887115,22.545944,2016-10-31 23:59:58,1546496,0,15,0,,,0,黄色,
粤BZ49J0,114.128098,22.611799,2016-10-31 23:58:40,1642306,34,0,0,,,0,蓝色,
粤BC5033,114.048233,22.645988,2016-10-31 23:59:58,1546453,0,0,0,,,0,黄色,
粤B123VX,113.8134,22.624599,2016-11-01 00:00:00,1700317,0,0,0,,,0,蓝色,
粤BM24T8,114.067535,22.571283,2016-11-01 00:00:01,1511510,48,315,0,,,1,蓝色,
粤B0X8U3,114.031097,22.524099,2016-10-31 23:59:03,1661989,0,0,0,,,0,蓝色,
粤BX4Y80,113.833565,22.649233,2016-11-01 00:00:02,1644647,8,20,0,,,1,蓝色,
粤B1B65X,113.873604,22.588793,2016-11-01 00:00:00,1687206,25,350,0,,,0,蓝色,
粤BN06W7,114.033836,22.556183,2016-11-01 00:00:00,1513896,37,313,0,,,0,蓝色,
粤B1X8U0,113.9757,22.552799,2016-11-01 00:00:00,1662044,34,256,0,,,0,蓝色,
粤BN24P1,114.025566,22.559616,2016-11-01 00:00:00,1511193,55,330,0,,,0,蓝色,
粤B180YW,113.878799,22.5896,2016-10-31 23:59:59,1454767,0,0,0,,,0,蓝色,
粤B4MS55,114.129829,22.55905,2016-10-31 23:59:52,1403483,0,225,0,,,0,蓝色,
粤B1UE73,113.918816,22.507618,2016-11-01 00:00:01,1414994,0,0,0,,,1,蓝色,
粤BN00W2,114.122749,22.577566,2016-11-01 00:00:01,1513883,43,174,0,,,0,蓝色,
粤B6P1N0,114.038696,22.549299,2016-11-01 00:00:00,1647396,27,0,0,,,0,蓝色,
粤B4N514,114.099586,22.539967,2016-10-31 23:55:10,1482961,43,178,0,,,0,蓝色,
粤B0X8U3,114.031097,22.524099,2016-10-31 23:59:03,1661989,0,0,0,,,0,蓝色,
粤BP14G2,114.008652,22.6213,2016-11-01 00:00:00,1516824,62,6,0,,,1,蓝色,
粤B0X8U3,114.031097,22.524099,2016-10-31 23:59:16,1661989,0,0,0,,,0,蓝色,
粤B0X8U3,114.031097,22.524099,2016-10-31 23:59:36,1661989,0,0,0,,,0,蓝色,
粤B0X8U3,114.031097,22.524099,2016-10-31 23:59:56,1661989,0,0,0,,,0,蓝色,
粤B2A3R0,113.936501,22.5236,2016-10-31 23:59:58,1655022,31,0,0,,,0,蓝色,
粤B7P2S1黄,11.4111702,2.2600401,2016-10-31 23:59:44,1645595,0,0,0,,,0,黄色,
粤B0X3Q1,114.058998,22.562901,2016-10-31 23:50:39,1662030,0,0,0,,,0,蓝色,
粤B0X8U3,114.031097,22.524099,2016-10-31 23:59:16,1661989,0,0,0,,,0,蓝色,
粤BN06W7,114.033836,22.556183,2016-11-01 00:00:00,1513896,37,313,0,,,0,蓝色,
粤B5HR35,114.053917,22.633368,2016-11-01 00:00:00,1373037,0,104,0,,,0,蓝色,
粤B0X8U3,114.031097,22.524099,2016-10-31 23:59:36,1661989,0,0,0,,,0,蓝色,
粤B0X8U3,114.031097,22.524099,2016-10-31 23:59:56,1661989,0,0,0,,,0,蓝色,
粤B1U0R6,114.100304,22.538099,2016-10-31 23:58:49,1634333,31,0,0,,,0,蓝色,
粤B1WK22,114.062668,22.559834,2016-10-31 23:59:49,1427949,98,358,0,,,1,蓝色,
